[09/02 10:55:26.745040][info][119543][HostTimestampProvider.cpp:36] Update clock type to: realtime(0)
[09/02 10:55:26.825253][info][119543][LinuxUsbPal.cpp:334] Create PollingDeviceWatcher!
[09/02 10:55:26.825286][info][119543][DeviceManager.cpp:25] Current found device(s): (1)
[09/02 10:55:26.825292][info][119543][DeviceManager.cpp:34] 	- Name: Gemini 335, PID: 0x0800, SN/ID: CP0F4630001M, Connection: USB3.2
[09/02 10:55:26.825298][info][119543][DeviceManager.cpp:463] Enable net device enumeration: true
[09/02 10:55:27.828113][info][119543][DeviceManager.cpp:25] Current device(s) list: (1)
[09/02 10:55:27.828165][info][119543][DeviceManager.cpp:34] 	- Name: Gemini 335, PID: 0x0800, SN/ID: CP0F4630001M, Connection: USB3.2
[09/02 10:55:27.828176][info][119543][DeviceManager.cpp:463] Enable net device enumeration: true
[09/02 10:55:27.844980][info][119584][G330Device.cpp:630] UVCAutoRebootOnFault=true for device: Gemini 335
[09/02 10:55:27.846074][info][119584][DeviceBase.cpp:742] key: AppSlot,value:1
[09/02 10:55:27.846082][info][119584][DeviceBase.cpp:742] key: HwType,value:R1
[09/02 10:55:27.846087][info][119584][DeviceBase.cpp:742] key: HwVer,value:V1.1
[09/02 10:55:27.846091][info][119584][DeviceBase.cpp:742] key: IspFwVer,value:20241125
[09/02 10:55:27.846094][info][119584][DeviceBase.cpp:742] key: IspNeedVer,value:20241125
[09/02 10:55:27.846097][info][119584][DeviceBase.cpp:742] key: PresetVer,value:1.2.2
[09/02 10:55:28.005569][warning][119584][PropertyServer.cpp:55] [CP0F4630001M] Property not found to register callback, propertyId: 5525
[09/02 10:55:28.005642][warning][119584][PropertyServer.cpp:55] [CP0F4630001M] Property not found to register callback, propertyId: 277
[09/02 10:55:28.005943][warning][119584][PropertyConfigHandler.hpp:53] Unsupported property '223', skipping getting, return nullvalue
[09/02 10:55:28.027363][warning][119584][PropertyConfigHandler.hpp:95] Exporting property '190' while stream is not active; the value may differ from what will be applied after streaming starts
[09/02 10:55:28.028456][warning][119584][PresetHandler.cpp:337] Exporting ROI property '1061' while stream is not active; the value may differ from what will be applied after streaming starts
[09/02 10:55:28.028922][warning][119584][PresetHandler.cpp:710] Exporting disparity search properties while stream is not active; the values may differ from what will be applied after streaming starts
[09/02 10:55:28.029756][warning][119584][PropertyConfigHandler.hpp:53] Unsupported property '5525', skipping getting, return nullvalue
[09/02 10:55:28.057994][warning][119584][PropertyConfigHandler.hpp:95] Exporting property '189' while stream is not active; the value may differ from what will be applied after streaming starts
[09/02 10:55:28.058725][warning][119584][PropertyConfigHandler.hpp:53] Unsupported property '259', skipping getting, return nullvalue
[09/02 10:55:28.058728][warning][119584][PropertyConfigHandler.hpp:53] Unsupported property '277', skipping getting, return nullvalue
[09/02 10:55:28.058878][warning][119584][PresetHandler.cpp:337] Exporting ROI property '1060' while stream is not active; the value may differ from what will be applied after streaming starts
[09/02 10:55:28.058970][info][119584][DeviceManager.cpp:200] Device created successfully! Name: Gemini 335, PID: 0x0800, SN/ID: CP0F4630001M FW: 1.4.60
[09/02 10:55:28.065241][warning][119584][SensorBase.cpp:153] [CP0F4630001M] Failed to update default stream profile for sensor due to no matching stream profile found
[09/02 10:55:28.066104][warning][119584][SensorBase.cpp:153] [CP0F4630001M] Failed to update default stream profile for sensor due to no matching stream profile found
[09/02 10:55:28.136715][info][119584][SensorBase.cpp:216] [CP0F4630001M] Stream state changed from STOPPED to STARTING@Gyro
[09/02 10:55:28.137577][info][119584][SensorBase.cpp:216] [CP0F4630001M] Stream state changed from STOPPED to STARTING@Accel
[09/02 10:55:28.138401][info][119584][Pipeline.cpp:54] [CP0F4630001M] Pipeline created with device: {name: Gemini 335, sn: CP0F4630001M}, @0x7ABA545530B0
[09/02 10:55:28.138455][info][119584][Pipeline.cpp:228] [CP0F4630001M] Check and set config done!
[09/02 10:55:28.138574][info][119584][Pipeline.cpp:266] [CP0F4630001M] Try to start streams!
[09/02 10:55:28.138578][info][119584][VideoSensor.cpp:61] [CP0F4630001M] Try to start stream: {type: Color, format: MJPG, width: 1280, height: 720, fps: 30}
[09/02 10:55:28.138582][info][119584][SensorBase.cpp:216] [CP0F4630001M] Stream state changed from STOPPED to STARTING@Color
[09/02 10:55:28.138585][info][119584][VideoSensor.cpp:130] [CP0F4630001M] Start backend stream: {type: Color, format: MJPG, width: 1280, height: 720, fps: 30}
[09/02 10:55:28.139555][info][119584][VideoSensor.cpp:61] [CP0F4630001M] Try to start stream: {type: Depth, format: Y16, width: 848, height: 480, fps: 30}
[09/02 10:55:28.139561][info][119584][SensorBase.cpp:216] [CP0F4630001M] Stream state changed from STOPPED to STARTING@Depth
[09/02 10:55:28.139564][info][119584][VideoSensor.cpp:130] [CP0F4630001M] Start backend stream: {type: Depth, format: Z16, width: 848, height: 480, fps: 30}
[09/02 10:55:28.140514][info][119584][VideoSensor.cpp:61] [CP0F4630001M] Try to start stream: {type: Left IR, format: Y8, width: 848, height: 480, fps: 30}
[09/02 10:55:28.140519][info][119584][SensorBase.cpp:216] [CP0F4630001M] Stream state changed from STOPPED to STARTING@LeftIR
[09/02 10:55:28.140521][info][119584][VideoSensor.cpp:130] [CP0F4630001M] Start backend stream: {type: Left IR, format: Y8, width: 848, height: 480, fps: 30}
[09/02 10:55:28.141572][info][119584][VideoSensor.cpp:61] [CP0F4630001M] Try to start stream: {type: Right IR, format: Y8, width: 848, height: 480, fps: 30}
[09/02 10:55:28.141576][info][119584][SensorBase.cpp:216] [CP0F4630001M] Stream state changed from STOPPED to STARTING@RightIR
[09/02 10:55:28.141579][info][119584][VideoSensor.cpp:130] [CP0F4630001M] Start backend stream: {type: Right IR, format: BA81, width: 848, height: 480, fps: 30}
[09/02 10:55:28.142660][info][119584][Pipeline.cpp:293] [CP0F4630001M] Start streams done!
[09/02 10:55:28.142664][info][119584][Pipeline.cpp:250] [CP0F4630001M] Pipeline start done!
[09/02 10:55:28.228878][info][119626][SensorBase.cpp:216] [CP0F4630001M] Stream state changed from STARTING to STREAMING@LeftIR
[09/02 10:55:28.229094][info][119628][SensorBase.cpp:216] [CP0F4630001M] Stream state changed from STARTING to STREAMING@RightIR
[09/02 10:55:28.230079][info][119624][SensorBase.cpp:216] [CP0F4630001M] Stream state changed from STARTING to STREAMING@Depth
[09/02 10:55:28.285063][info][119637][SensorBase.cpp:216] [CP0F4630001M] Stream state changed from STARTING to STREAMING@Accel
[09/02 10:55:28.285197][info][119637][SensorBase.cpp:216] [CP0F4630001M] Stream state changed from STARTING to STREAMING@Gyro
[09/02 10:55:28.673816][info][119622][SensorBase.cpp:216] [CP0F4630001M] Stream state changed from STARTING to STREAMING@Color
[09/02 10:55:33.233536][info][119626][VideoSensor.cpp:180] [CP0F4630001M] LeftIR backend frame callback, frameRate=30.169830fps
[09/02 10:55:33.233648][info][119628][VideoSensor.cpp:180] [CP0F4630001M] RightIR backend frame callback, frameRate=30.175858fps
[09/02 10:55:33.233753][info][119631][SensorBase.cpp:405] [CP0F4630001M] LeftIR Streaming... frameRate=30.175858fps
[09/02 10:55:33.233869][info][119632][SensorBase.cpp:405] [CP0F4630001M] RightIR Streaming... frameRate=30.175858fps
[09/02 10:55:33.234322][info][119624][VideoSensor.cpp:180] [CP0F4630001M] Depth backend frame callback, frameRate=30.175858fps
[09/02 10:55:33.272596][info][119633][SensorBase.cpp:405] [CP0F4630001M] Depth Streaming... frameRate=30.224697fps
[09/02 10:55:33.293117][info][119637][SensorBase.cpp:478] [CP0F4630001M] Accel Streaming... frameRate=199.520676fps
[09/02 10:55:33.293164][info][119637][SensorBase.cpp:478] [CP0F4630001M] Gyro Streaming... frameRate=199.480835fps
[09/02 10:55:33.674958][info][119622][VideoSensor.cpp:180] [CP0F4630001M] Color backend frame callback, frameRate=29.994001fps
[09/02 10:55:33.708699][info][119638][SensorBase.cpp:405] [CP0F4630001M] Color Streaming... frameRate=30.055731fps
[09/02 10:55:38.239455][info][119628][VideoSensor.cpp:180] [CP0F4630001M] RightIR backend frame callback, frameRate=29.964043fps
[09/02 10:55:38.239540][info][119626][VideoSensor.cpp:180] [CP0F4630001M] LeftIR backend frame callback, frameRate=29.964043fps
[09/02 10:55:38.239603][info][119632][SensorBase.cpp:405] [CP0F4630001M] RightIR Streaming... frameRate=29.964043fps
[09/02 10:55:38.239692][info][119631][SensorBase.cpp:405] [CP0F4630001M] LeftIR Streaming... frameRate=29.964043fps
[09/02 10:55:38.239900][info][119624][VideoSensor.cpp:180] [CP0F4630001M] Depth backend frame callback, frameRate=29.970030fps
[09/02 10:55:38.278172][info][119633][SensorBase.cpp:405] [CP0F4630001M] Depth Streaming... frameRate=29.970030fps
[09/02 10:55:38.301211][info][119637][SensorBase.cpp:478] [CP0F4630001M] Accel Streaming... frameRate=199.281158fps
[09/02 10:55:38.301257][info][119637][SensorBase.cpp:478] [CP0F4630001M] Gyro Streaming... frameRate=199.320953fps
[09/02 10:55:38.680927][info][119622][VideoSensor.cpp:180] [CP0F4630001M] Color backend frame callback, frameRate=29.964043fps
[09/02 10:55:38.714624][info][119638][SensorBase.cpp:405] [CP0F4630001M] Color Streaming... frameRate=29.964043fps
[09/02 10:55:43.245418][info][119628][VideoSensor.cpp:180] [CP0F4630001M] RightIR backend frame callback, frameRate=29.970030fps
[09/02 10:55:43.245505][info][119626][VideoSensor.cpp:180] [CP0F4630001M] LeftIR backend frame callback, frameRate=29.970030fps
[09/02 10:55:43.245573][info][119632][SensorBase.cpp:405] [CP0F4630001M] RightIR Streaming... frameRate=29.964043fps
[09/02 10:55:43.245710][info][119631][SensorBase.cpp:405] [CP0F4630001M] LeftIR Streaming... frameRate=29.964043fps
[09/02 10:55:43.245829][info][119624][VideoSensor.cpp:180] [CP0F4630001M] Depth backend frame callback, frameRate=29.964043fps
[09/02 10:55:43.284084][info][119633][SensorBase.cpp:405] [CP0F4630001M] Depth Streaming... frameRate=29.964043fps
[09/02 10:55:43.309399][info][119637][SensorBase.cpp:478] [CP0F4630001M] Accel Streaming... frameRate=199.281158fps
[09/02 10:55:43.309425][info][119637][SensorBase.cpp:478] [CP0F4630001M] Gyro Streaming... frameRate=199.281158fps
[09/02 10:55:43.686898][info][119622][VideoSensor.cpp:180] [CP0F4630001M] Color backend frame callback, frameRate=29.964043fps
[09/02 10:55:43.720507][info][119638][SensorBase.cpp:405] [CP0F4630001M] Color Streaming... frameRate=29.970030fps
[09/02 10:55:48.251197][info][119626][VideoSensor.cpp:180] [CP0F4630001M] LeftIR backend frame callback, frameRate=29.964043fps
[09/02 10:55:48.251429][info][119631][SensorBase.cpp:405] [CP0F4630001M] LeftIR Streaming... frameRate=29.970030fps
[09/02 10:55:48.251490][info][119628][VideoSensor.cpp:180] [CP0F4630001M] RightIR backend frame callback, frameRate=29.964043fps
[09/02 10:55:48.251653][info][119632][SensorBase.cpp:405] [CP0F4630001M] RightIR Streaming... frameRate=29.970030fps
[09/02 10:55:48.251690][info][119624][VideoSensor.cpp:180] [CP0F4630001M] Depth backend frame callback, frameRate=29.970030fps
[09/02 10:55:48.290033][info][119633][SensorBase.cpp:405] [CP0F4630001M] Depth Streaming... frameRate=29.964043fps
[09/02 10:55:48.317580][info][119637][SensorBase.cpp:478] [CP0F4630001M] Accel Streaming... frameRate=199.281158fps
[09/02 10:55:48.317606][info][119637][SensorBase.cpp:478] [CP0F4630001M] Gyro Streaming... frameRate=199.281158fps
[09/02 10:55:48.692677][info][119622][VideoSensor.cpp:180] [CP0F4630001M] Color backend frame callback, frameRate=29.970030fps
[09/02 10:55:48.726297][info][119638][SensorBase.cpp:405] [CP0F4630001M] Color Streaming... frameRate=29.964043fps
[09/02 10:55:53.257120][info][119626][VideoSensor.cpp:180] [CP0F4630001M] LeftIR backend frame callback, frameRate=29.964043fps
[09/02 10:55:53.257206][info][119628][VideoSensor.cpp:180] [CP0F4630001M] RightIR backend frame callback, frameRate=29.964043fps
[09/02 10:55:53.257220][info][119631][SensorBase.cpp:405] [CP0F4630001M] LeftIR Streaming... frameRate=29.964043fps
[09/02 10:55:53.257305][info][119632][SensorBase.cpp:405] [CP0F4630001M] RightIR Streaming... frameRate=29.964043fps
[09/02 10:55:53.257671][info][119624][VideoSensor.cpp:180] [CP0F4630001M] Depth backend frame callback, frameRate=29.964043fps
[09/02 10:55:53.296014][info][119633][SensorBase.cpp:405] [CP0F4630001M] Depth Streaming... frameRate=29.964043fps
[09/02 10:55:53.333887][info][119637][SensorBase.cpp:478] [CP0F4630001M] Accel Streaming... frameRate=199.362045fps
[09/02 10:55:53.333937][info][119637][SensorBase.cpp:478] [CP0F4630001M] Gyro Streaming... frameRate=199.322296fps
[09/02 10:55:53.698570][info][119622][VideoSensor.cpp:180] [CP0F4630001M] Color backend frame callback, frameRate=29.964043fps
[09/02 10:55:53.732296][info][119638][SensorBase.cpp:405] [CP0F4630001M] Color Streaming... frameRate=29.964043fps
[09/02 10:55:58.263004][info][119626][VideoSensor.cpp:180] [CP0F4630001M] LeftIR backend frame callback, frameRate=29.970030fps
[09/02 10:55:58.263110][info][119628][VideoSensor.cpp:180] [CP0F4630001M] RightIR backend frame callback, frameRate=29.970030fps
[09/02 10:55:58.263136][info][119631][SensorBase.cpp:405] [CP0F4630001M] LeftIR Streaming... frameRate=29.964043fps
[09/02 10:55:58.263220][info][119632][SensorBase.cpp:405] [CP0F4630001M] RightIR Streaming... frameRate=29.964043fps
[09/02 10:55:58.263513][info][119624][VideoSensor.cpp:180] [CP0F4630001M] Depth backend frame callback, frameRate=29.964043fps
[09/02 10:55:58.301860][info][119633][SensorBase.cpp:405] [CP0F4630001M] Depth Streaming... frameRate=29.970030fps
[09/02 10:55:58.349952][info][119637][SensorBase.cpp:478] [CP0F4630001M] Accel Streaming... frameRate=199.362045fps
[09/02 10:55:58.349980][info][119637][SensorBase.cpp:478] [CP0F4630001M] Gyro Streaming... frameRate=199.401794fps
[09/02 10:55:58.704472][info][119622][VideoSensor.cpp:180] [CP0F4630001M] Color backend frame callback, frameRate=29.964043fps
[09/02 10:55:58.738095][info][119638][SensorBase.cpp:405] [CP0F4630001M] Color Streaming... frameRate=29.970030fps
[09/02 10:56:03.269019][info][119626][VideoSensor.cpp:180] [CP0F4630001M] LeftIR backend frame callback, frameRate=29.964043fps
[09/02 10:56:03.269197][info][119628][VideoSensor.cpp:180] [CP0F4630001M] RightIR backend frame callback, frameRate=29.964043fps
[09/02 10:56:03.269226][info][119631][SensorBase.cpp:405] [CP0F4630001M] LeftIR Streaming... frameRate=29.970030fps
[09/02 10:56:03.269306][info][119632][SensorBase.cpp:405] [CP0F4630001M] RightIR Streaming... frameRate=29.970030fps
[09/02 10:56:03.269429][info][119624][VideoSensor.cpp:180] [CP0F4630001M] Depth backend frame callback, frameRate=29.964043fps
[09/02 10:56:03.307842][info][119633][SensorBase.cpp:405] [CP0F4630001M] Depth Streaming... frameRate=29.964043fps
[09/02 10:56:03.366263][info][119637][SensorBase.cpp:478] [CP0F4630001M] Accel Streaming... frameRate=199.362045fps
[09/02 10:56:03.366310][info][119637][SensorBase.cpp:478] [CP0F4630001M] Gyro Streaming... frameRate=199.362045fps
[09/02 10:56:03.710515][info][119622][VideoSensor.cpp:180] [CP0F4630001M] Color backend frame callback, frameRate=29.964043fps
[09/02 10:56:03.744241][info][119638][SensorBase.cpp:405] [CP0F4630001M] Color Streaming... frameRate=29.964043fps
[09/02 10:56:08.274815][info][119626][VideoSensor.cpp:180] [CP0F4630001M] LeftIR backend frame callback, frameRate=29.964043fps
[09/02 10:56:08.274913][info][119628][VideoSensor.cpp:180] [CP0F4630001M] RightIR backend frame callback, frameRate=29.964043fps
[09/02 10:56:08.275000][info][119631][SensorBase.cpp:405] [CP0F4630001M] LeftIR Streaming... frameRate=29.964043fps
[09/02 10:56:08.275064][info][119632][SensorBase.cpp:405] [CP0F4630001M] RightIR Streaming... frameRate=29.964043fps
[09/02 10:56:08.275312][info][119624][VideoSensor.cpp:180] [CP0F4630001M] Depth backend frame callback, frameRate=29.970030fps
[09/02 10:56:08.313724][info][119633][SensorBase.cpp:405] [CP0F4630001M] Depth Streaming... frameRate=29.964043fps
[09/02 10:56:08.382312][info][119637][SensorBase.cpp:478] [CP0F4630001M] Accel Streaming... frameRate=199.362045fps
[09/02 10:56:08.382359][info][119637][SensorBase.cpp:478] [CP0F4630001M] Gyro Streaming... frameRate=199.362045fps
[09/02 10:56:08.716300][info][119622][VideoSensor.cpp:180] [CP0F4630001M] Color backend frame callback, frameRate=29.970030fps
[09/02 10:56:08.750110][info][119638][SensorBase.cpp:405] [CP0F4630001M] Color Streaming... frameRate=29.964043fps
[09/02 10:56:13.280702][info][119626][VideoSensor.cpp:180] [CP0F4630001M] LeftIR backend frame callback, frameRate=29.970030fps
[09/02 10:56:13.280888][info][119628][VideoSensor.cpp:180] [CP0F4630001M] RightIR backend frame callback, frameRate=29.964043fps
[09/02 10:56:13.280971][info][119631][SensorBase.cpp:405] [CP0F4630001M] LeftIR Streaming... frameRate=29.964043fps
[09/02 10:56:13.281284][info][119632][SensorBase.cpp:405] [CP0F4630001M] RightIR Streaming... frameRate=29.964043fps
[09/02 10:56:13.281290][info][119624][VideoSensor.cpp:180] [CP0F4630001M] Depth backend frame callback, frameRate=29.964043fps
[09/02 10:56:13.319682][info][119633][SensorBase.cpp:405] [CP0F4630001M] Depth Streaming... frameRate=29.970030fps
[09/02 10:56:13.398481][info][119637][SensorBase.cpp:478] [CP0F4630001M] Accel Streaming... frameRate=199.362045fps
[09/02 10:56:13.398513][info][119637][SensorBase.cpp:478] [CP0F4630001M] Gyro Streaming... frameRate=199.362045fps
[09/02 10:56:13.722152][info][119622][VideoSensor.cpp:180] [CP0F4630001M] Color backend frame callback, frameRate=29.964043fps
[09/02 10:56:13.756049][info][119638][SensorBase.cpp:405] [CP0F4630001M] Color Streaming... frameRate=29.964043fps
[09/02 10:56:18.286618][info][119626][VideoSensor.cpp:180] [CP0F4630001M] LeftIR backend frame callback, frameRate=29.964043fps
[09/02 10:56:18.286738][info][119631][SensorBase.cpp:405] [CP0F4630001M] LeftIR Streaming... frameRate=29.970030fps
[09/02 10:56:18.286764][info][119628][VideoSensor.cpp:180] [CP0F4630001M] RightIR backend frame callback, frameRate=29.970030fps
[09/02 10:56:18.286884][info][119632][SensorBase.cpp:405] [CP0F4630001M] RightIR Streaming... frameRate=29.970030fps
[09/02 10:56:18.287143][info][119624][VideoSensor.cpp:180] [CP0F4630001M] Depth backend frame callback, frameRate=29.964043fps
[09/02 10:56:18.325418][info][119633][SensorBase.cpp:405] [CP0F4630001M] Depth Streaming... frameRate=29.964043fps
[09/02 10:56:18.414670][info][119637][SensorBase.cpp:478] [CP0F4630001M] Accel Streaming... frameRate=199.362045fps
[09/02 10:56:18.414702][info][119637][SensorBase.cpp:478] [CP0F4630001M] Gyro Streaming... frameRate=199.362045fps
[09/02 10:56:18.728021][info][119622][VideoSensor.cpp:180] [CP0F4630001M] Color backend frame callback, frameRate=29.964043fps
[09/02 10:56:18.761607][info][119638][SensorBase.cpp:405] [CP0F4630001M] Color Streaming... frameRate=29.970030fps
[09/02 10:56:23.292507][info][119626][VideoSensor.cpp:180] [CP0F4630001M] LeftIR backend frame callback, frameRate=29.964043fps
[09/02 10:56:23.292602][info][119628][VideoSensor.cpp:180] [CP0F4630001M] RightIR backend frame callback, frameRate=29.964043fps
[09/02 10:56:23.292664][info][119631][SensorBase.cpp:405] [CP0F4630001M] LeftIR Streaming... frameRate=29.964043fps
[09/02 10:56:23.292689][info][119632][SensorBase.cpp:405] [CP0F4630001M] RightIR Streaming... frameRate=29.964043fps
[09/02 10:56:23.293003][info][119624][VideoSensor.cpp:180] [CP0F4630001M] Depth backend frame callback, frameRate=29.970030fps
[09/02 10:56:23.331519][info][119633][SensorBase.cpp:405] [CP0F4630001M] Depth Streaming... frameRate=29.964043fps
[09/02 10:56:23.430886][info][119637][SensorBase.cpp:478] [CP0F4630001M] Accel Streaming... frameRate=199.362045fps
[09/02 10:56:23.430903][info][119637][SensorBase.cpp:478] [CP0F4630001M] Gyro Streaming... frameRate=199.362045fps
[09/02 10:56:23.733948][info][119622][VideoSensor.cpp:180] [CP0F4630001M] Color backend frame callback, frameRate=29.970030fps
[09/02 10:56:23.767881][info][119638][SensorBase.cpp:405] [CP0F4630001M] Color Streaming... frameRate=29.964043fps
[09/02 10:56:28.298352][info][119626][VideoSensor.cpp:180] [CP0F4630001M] LeftIR backend frame callback, frameRate=29.964043fps
[09/02 10:56:28.298489][info][119631][SensorBase.cpp:405] [CP0F4630001M] LeftIR Streaming... frameRate=29.964043fps
[09/02 10:56:28.298516][info][119628][VideoSensor.cpp:180] [CP0F4630001M] RightIR backend frame callback, frameRate=29.964043fps
[09/02 10:56:28.298629][info][119632][SensorBase.cpp:405] [CP0F4630001M] RightIR Streaming... frameRate=29.964043fps
[09/02 10:56:28.298816][info][119624][VideoSensor.cpp:180] [CP0F4630001M] Depth backend frame callback, frameRate=29.964043fps
[09/02 10:56:28.335375][info][119633][SensorBase.cpp:405] [CP0F4630001M] Depth Streaming... frameRate=29.976019fps
[09/02 10:56:28.447055][info][119637][SensorBase.cpp:478] [CP0F4630001M] Accel Streaming... frameRate=199.362045fps
[09/02 10:56:28.447084][info][119637][SensorBase.cpp:478] [CP0F4630001M] Gyro Streaming... frameRate=199.362045fps
[09/02 10:56:28.739953][info][119622][VideoSensor.cpp:180] [CP0F4630001M] Color backend frame callback, frameRate=29.964043fps
[09/02 10:56:28.775694][info][119638][SensorBase.cpp:405] [CP0F4630001M] Color Streaming... frameRate=29.952078fps
[09/02 10:56:33.304391][info][119628][VideoSensor.cpp:180] [CP0F4630001M] RightIR backend frame callback, frameRate=29.970030fps
[09/02 10:56:33.304471][info][119626][VideoSensor.cpp:180] [CP0F4630001M] LeftIR backend frame callback, frameRate=29.970030fps
[09/02 10:56:33.304603][info][119632][SensorBase.cpp:405] [CP0F4630001M] RightIR Streaming... frameRate=29.964043fps
[09/02 10:56:33.304646][info][119631][SensorBase.cpp:405] [CP0F4630001M] LeftIR Streaming... frameRate=29.964043fps
[09/02 10:56:33.304887][info][119624][VideoSensor.cpp:180] [CP0F4630001M] Depth backend frame callback, frameRate=29.964043fps
[09/02 10:56:33.343191][info][119633][SensorBase.cpp:405] [CP0F4630001M] Depth Streaming... frameRate=29.958059fps
[09/02 10:56:33.463354][info][119637][SensorBase.cpp:478] [CP0F4630001M] Accel Streaming... frameRate=199.362045fps
[09/02 10:56:33.463397][info][119637][SensorBase.cpp:478] [CP0F4630001M] Gyro Streaming... frameRate=199.362045fps
[09/02 10:56:33.745857][info][119622][VideoSensor.cpp:180] [CP0F4630001M] Color backend frame callback, frameRate=29.964043fps
[09/02 10:56:33.779695][info][119638][SensorBase.cpp:405] [CP0F4630001M] Color Streaming... frameRate=29.976019fps
[09/02 10:56:38.310187][info][119626][VideoSensor.cpp:180] [CP0F4630001M] LeftIR backend frame callback, frameRate=29.964043fps
[09/02 10:56:38.310288][info][119631][SensorBase.cpp:405] [CP0F4630001M] LeftIR Streaming... frameRate=29.970030fps
[09/02 10:56:38.310390][info][119628][VideoSensor.cpp:180] [CP0F4630001M] RightIR backend frame callback, frameRate=29.964043fps
[09/02 10:56:38.310630][info][119632][SensorBase.cpp:405] [CP0F4630001M] RightIR Streaming... frameRate=29.970030fps
[09/02 10:56:38.310826][info][119624][VideoSensor.cpp:180] [CP0F4630001M] Depth backend frame callback, frameRate=29.964043fps
[09/02 10:56:38.349228][info][119633][SensorBase.cpp:405] [CP0F4630001M] Depth Streaming... frameRate=29.964043fps
[09/02 10:56:38.471457][info][119637][SensorBase.cpp:478] [CP0F4630001M] Accel Streaming... frameRate=199.281158fps
[09/02 10:56:38.471493][info][119637][SensorBase.cpp:478] [CP0F4630001M] Gyro Streaming... frameRate=199.281158fps
[09/02 10:56:38.751751][info][119622][VideoSensor.cpp:180] [CP0F4630001M] Color backend frame callback, frameRate=29.964043fps
[09/02 10:56:38.785492][info][119638][SensorBase.cpp:405] [CP0F4630001M] Color Streaming... frameRate=29.970030fps
[09/02 10:56:43.316161][info][119626][VideoSensor.cpp:180] [CP0F4630001M] LeftIR backend frame callback, frameRate=29.964043fps
[09/02 10:56:43.316375][info][119628][VideoSensor.cpp:180] [CP0F4630001M] RightIR backend frame callback, frameRate=29.964043fps
[09/02 10:56:43.316392][info][119631][SensorBase.cpp:405] [CP0F4630001M] LeftIR Streaming... frameRate=29.964043fps
[09/02 10:56:43.316530][info][119632][SensorBase.cpp:405] [CP0F4630001M] RightIR Streaming... frameRate=29.964043fps
[09/02 10:56:43.316629][info][119624][VideoSensor.cpp:180] [CP0F4630001M] Depth backend frame callback, frameRate=29.970030fps
[09/02 10:56:43.355165][info][119633][SensorBase.cpp:405] [CP0F4630001M] Depth Streaming... frameRate=29.964043fps
[09/02 10:56:43.487665][info][119637][SensorBase.cpp:478] [CP0F4630001M] Accel Streaming... frameRate=199.362045fps
[09/02 10:56:43.487693][info][119637][SensorBase.cpp:478] [CP0F4630001M] Gyro Streaming... frameRate=199.362045fps
[09/02 10:56:43.757572][info][119622][VideoSensor.cpp:180] [CP0F4630001M] Color backend frame callback, frameRate=29.970030fps
[09/02 10:56:43.791389][info][119638][SensorBase.cpp:405] [CP0F4630001M] Color Streaming... frameRate=29.964043fps
[09/02 10:56:48.322007][info][119626][VideoSensor.cpp:180] [CP0F4630001M] LeftIR backend frame callback, frameRate=29.970030fps
[09/02 10:56:48.322220][info][119628][VideoSensor.cpp:180] [CP0F4630001M] RightIR backend frame callback, frameRate=29.964043fps
[09/02 10:56:48.322239][info][119631][SensorBase.cpp:405] [CP0F4630001M] LeftIR Streaming... frameRate=29.964043fps
[09/02 10:56:48.322373][info][119632][SensorBase.cpp:405] [CP0F4630001M] RightIR Streaming... frameRate=29.964043fps
[09/02 10:56:48.322619][info][119624][VideoSensor.cpp:180] [CP0F4630001M] Depth backend frame callback, frameRate=29.964043fps
[09/02 10:56:48.360877][info][119633][SensorBase.cpp:405] [CP0F4630001M] Depth Streaming... frameRate=29.970030fps
[09/02 10:56:48.504137][info][119637][SensorBase.cpp:478] [CP0F4630001M] Accel Streaming... frameRate=199.322296fps
[09/02 10:56:48.504189][info][119637][SensorBase.cpp:478] [CP0F4630001M] Gyro Streaming... frameRate=199.322296fps
[09/02 10:56:48.763508][info][119622][VideoSensor.cpp:180] [CP0F4630001M] Color backend frame callback, frameRate=29.964043fps
[09/02 10:56:48.797151][info][119638][SensorBase.cpp:405] [CP0F4630001M] Color Streaming... frameRate=29.964043fps
[09/02 10:56:53.328126][info][119626][VideoSensor.cpp:180] [CP0F4630001M] LeftIR backend frame callback, frameRate=29.964043fps
[09/02 10:56:53.328265][info][119631][SensorBase.cpp:405] [CP0F4630001M] LeftIR Streaming... frameRate=29.970030fps
[09/02 10:56:53.328276][info][119628][VideoSensor.cpp:180] [CP0F4630001M] RightIR backend frame callback, frameRate=29.970030fps
[09/02 10:56:53.328446][info][119632][SensorBase.cpp:405] [CP0F4630001M] RightIR Streaming... frameRate=29.964043fps
[09/02 10:56:53.328492][info][119624][VideoSensor.cpp:180] [CP0F4630001M] Depth backend frame callback, frameRate=29.964043fps
[09/02 10:56:53.366906][info][119633][SensorBase.cpp:405] [CP0F4630001M] Depth Streaming... frameRate=29.964043fps
[09/02 10:56:53.520279][info][119637][SensorBase.cpp:478] [CP0F4630001M] Accel Streaming... frameRate=199.401794fps
[09/02 10:56:53.520331][info][119637][SensorBase.cpp:478] [CP0F4630001M] Gyro Streaming... frameRate=199.362045fps
[09/02 10:56:53.769425][info][119622][VideoSensor.cpp:180] [CP0F4630001M] Color backend frame callback, frameRate=29.964043fps
[09/02 10:56:53.803182][info][119638][SensorBase.cpp:405] [CP0F4630001M] Color Streaming... frameRate=29.970030fps
[09/02 10:56:58.333907][info][119628][VideoSensor.cpp:180] [CP0F4630001M] RightIR backend frame callback, frameRate=29.964043fps
[09/02 10:56:58.334000][info][119626][VideoSensor.cpp:180] [CP0F4630001M] LeftIR backend frame callback, frameRate=29.964043fps
[09/02 10:56:58.334016][info][119632][SensorBase.cpp:405] [CP0F4630001M] RightIR Streaming... frameRate=29.970030fps
[09/02 10:56:58.334190][info][119631][SensorBase.cpp:405] [CP0F4630001M] LeftIR Streaming... frameRate=29.964043fps
[09/02 10:56:58.334410][info][119624][VideoSensor.cpp:180] [CP0F4630001M] Depth backend frame callback, frameRate=29.970030fps
[09/02 10:56:58.372758][info][119633][SensorBase.cpp:405] [CP0F4630001M] Depth Streaming... frameRate=29.964043fps
[09/02 10:56:58.536575][info][119637][SensorBase.cpp:478] [CP0F4630001M] Accel Streaming... frameRate=199.322296fps
[09/02 10:56:58.536626][info][119637][SensorBase.cpp:478] [CP0F4630001M] Gyro Streaming... frameRate=199.362045fps
[09/02 10:56:58.775324][info][119622][VideoSensor.cpp:180] [CP0F4630001M] Color backend frame callback, frameRate=29.970030fps
[09/02 10:56:58.809043][info][119638][SensorBase.cpp:405] [CP0F4630001M] Color Streaming... frameRate=29.964043fps
[09/02 10:57:03.339752][info][119628][VideoSensor.cpp:180] [CP0F4630001M] RightIR backend frame callback, frameRate=29.964043fps
[09/02 10:57:03.339854][info][119632][SensorBase.cpp:405] [CP0F4630001M] RightIR Streaming... frameRate=29.964043fps
[09/02 10:57:03.339891][info][119626][VideoSensor.cpp:180] [CP0F4630001M] LeftIR backend frame callback, frameRate=29.964043fps
[09/02 10:57:03.339983][info][119631][SensorBase.cpp:405] [CP0F4630001M] LeftIR Streaming... frameRate=29.964043fps
[09/02 10:57:03.340311][info][119624][VideoSensor.cpp:180] [CP0F4630001M] Depth backend frame callback, frameRate=29.964043fps
[09/02 10:57:03.378308][info][119633][SensorBase.cpp:405] [CP0F4630001M] Depth Streaming... frameRate=29.970030fps
[09/02 10:57:03.552511][info][119637][SensorBase.cpp:478] [CP0F4630001M] Accel Streaming... frameRate=199.401794fps
[09/02 10:57:03.552540][info][119637][SensorBase.cpp:478] [CP0F4630001M] Gyro Streaming... frameRate=199.401794fps
[09/02 10:57:03.781239][info][119622][VideoSensor.cpp:180] [CP0F4630001M] Color backend frame callback, frameRate=29.964043fps
[09/02 10:57:03.814956][info][119638][SensorBase.cpp:405] [CP0F4630001M] Color Streaming... frameRate=29.964043fps
[09/02 10:57:08.345779][info][119628][VideoSensor.cpp:180] [CP0F4630001M] RightIR backend frame callback, frameRate=29.970030fps
[09/02 10:57:08.345954][info][119626][VideoSensor.cpp:180] [CP0F4630001M] LeftIR backend frame callback, frameRate=29.964043fps
[09/02 10:57:08.345990][info][119632][SensorBase.cpp:405] [CP0F4630001M] RightIR Streaming... frameRate=29.964043fps
[09/02 10:57:08.346176][info][119631][SensorBase.cpp:405] [CP0F4630001M] LeftIR Streaming... frameRate=29.964043fps
[09/02 10:57:08.346509][info][119624][VideoSensor.cpp:180] [CP0F4630001M] Depth backend frame callback, frameRate=29.964043fps
[09/02 10:57:08.384918][info][119633][SensorBase.cpp:405] [CP0F4630001M] Depth Streaming... frameRate=29.958059fps
[09/02 10:57:08.560765][info][119637][SensorBase.cpp:478] [CP0F4630001M] Accel Streaming... frameRate=199.281158fps
[09/02 10:57:08.560798][info][119637][SensorBase.cpp:478] [CP0F4630001M] Gyro Streaming... frameRate=199.281158fps
[09/02 10:57:08.787094][info][119622][VideoSensor.cpp:180] [CP0F4630001M] Color backend frame callback, frameRate=29.964043fps
[09/02 10:57:08.820733][info][119638][SensorBase.cpp:405] [CP0F4630001M] Color Streaming... frameRate=29.970030fps
[09/02 10:57:13.351513][info][119626][VideoSensor.cpp:180] [CP0F4630001M] LeftIR backend frame callback, frameRate=29.970030fps
[09/02 10:57:13.351701][info][119631][SensorBase.cpp:405] [CP0F4630001M] LeftIR Streaming... frameRate=29.970030fps
[09/02 10:57:13.351725][info][119628][VideoSensor.cpp:180] [CP0F4630001M] RightIR backend frame callback, frameRate=29.964043fps
[09/02 10:57:13.351845][info][119632][SensorBase.cpp:405] [CP0F4630001M] RightIR Streaming... frameRate=29.970030fps
[09/02 10:57:13.352036][info][119624][VideoSensor.cpp:180] [CP0F4630001M] Depth backend frame callback, frameRate=29.970030fps
[09/02 10:57:13.390365][info][119633][SensorBase.cpp:405] [CP0F4630001M] Depth Streaming... frameRate=29.970030fps
[09/02 10:57:13.561150][info][119637][SensorBase.cpp:478] [CP0F4630001M] Accel Streaming... frameRate=199.560089fps
[09/02 10:57:13.561205][info][119637][SensorBase.cpp:478] [CP0F4630001M] Gyro Streaming... frameRate=199.560089fps
[09/02 10:57:13.793013][info][119622][VideoSensor.cpp:180] [CP0F4630001M] Color backend frame callback, frameRate=29.970030fps
[09/02 10:57:13.826674][info][119638][SensorBase.cpp:405] [CP0F4630001M] Color Streaming... frameRate=29.964043fps
[09/02 10:57:18.357475][info][119626][VideoSensor.cpp:180] [CP0F4630001M] LeftIR backend frame callback, frameRate=29.964043fps
[09/02 10:57:18.357700][info][119631][SensorBase.cpp:405] [CP0F4630001M] LeftIR Streaming... frameRate=29.964043fps
[09/02 10:57:18.357731][info][119628][VideoSensor.cpp:180] [CP0F4630001M] RightIR backend frame callback, frameRate=29.964043fps
[09/02 10:57:18.357898][info][119632][SensorBase.cpp:405] [CP0F4630001M] RightIR Streaming... frameRate=29.964043fps
[09/02 10:57:18.357932][info][119624][VideoSensor.cpp:180] [CP0F4630001M] Depth backend frame callback, frameRate=29.964043fps
[09/02 10:57:18.396275][info][119633][SensorBase.cpp:405] [CP0F4630001M] Depth Streaming... frameRate=29.970030fps
[09/02 10:57:18.569269][info][119637][SensorBase.cpp:478] [CP0F4630001M] Accel Streaming... frameRate=199.320953fps
[09/02 10:57:18.569322][info][119637][SensorBase.cpp:478] [CP0F4630001M] Gyro Streaming... frameRate=199.281158fps
[09/02 10:57:18.798968][info][119622][VideoSensor.cpp:180] [CP0F4630001M] Color backend frame callback, frameRate=29.964043fps
[09/02 10:57:18.832862][info][119638][SensorBase.cpp:405] [CP0F4630001M] Color Streaming... frameRate=29.964043fps
[09/02 10:57:23.363385][info][119626][VideoSensor.cpp:180] [CP0F4630001M] LeftIR backend frame callback, frameRate=29.970030fps
[09/02 10:57:23.363483][info][119628][VideoSensor.cpp:180] [CP0F4630001M] RightIR backend frame callback, frameRate=29.970030fps
[09/02 10:57:23.363596][info][119631][SensorBase.cpp:405] [CP0F4630001M] LeftIR Streaming... frameRate=29.964043fps
[09/02 10:57:23.363649][info][119632][SensorBase.cpp:405] [CP0F4630001M] RightIR Streaming... frameRate=29.964043fps
[09/02 10:57:23.363856][info][119624][VideoSensor.cpp:180] [CP0F4630001M] Depth backend frame callback, frameRate=29.964043fps
[09/02 10:57:23.402480][info][119633][SensorBase.cpp:405] [CP0F4630001M] Depth Streaming... frameRate=29.964043fps
[09/02 10:57:23.577368][info][119637][SensorBase.cpp:478] [CP0F4630001M] Accel Streaming... frameRate=199.281158fps
[09/02 10:57:23.577418][info][119637][SensorBase.cpp:478] [CP0F4630001M] Gyro Streaming... frameRate=199.320953fps
[09/02 10:57:23.804711][info][119622][VideoSensor.cpp:180] [CP0F4630001M] Color backend frame callback, frameRate=29.964043fps
[09/02 10:57:23.838165][info][119638][SensorBase.cpp:405] [CP0F4630001M] Color Streaming... frameRate=29.970030fps
[09/02 10:57:28.369261][info][119626][VideoSensor.cpp:180] [CP0F4630001M] LeftIR backend frame callback, frameRate=29.964043fps
[09/02 10:57:28.369349][info][119628][VideoSensor.cpp:180] [CP0F4630001M] RightIR backend frame callback, frameRate=29.964043fps
[09/02 10:57:28.369409][info][119631][SensorBase.cpp:405] [CP0F4630001M] LeftIR Streaming... frameRate=29.970030fps
[09/02 10:57:28.369604][info][119632][SensorBase.cpp:405] [CP0F4630001M] RightIR Streaming... frameRate=29.970030fps
[09/02 10:57:28.369846][info][119624][VideoSensor.cpp:180] [CP0F4630001M] Depth backend frame callback, frameRate=29.964043fps
[09/02 10:57:28.407875][info][119633][SensorBase.cpp:405] [CP0F4630001M] Depth Streaming... frameRate=29.964043fps
[09/02 10:57:28.585609][info][119637][SensorBase.cpp:478] [CP0F4630001M] Accel Streaming... frameRate=199.281158fps
[09/02 10:57:28.585660][info][119637][SensorBase.cpp:478] [CP0F4630001M] Gyro Streaming... frameRate=199.281158fps
[09/02 10:57:28.810738][info][119622][VideoSensor.cpp:180] [CP0F4630001M] Color backend frame callback, frameRate=29.964043fps
[09/02 10:57:28.844399][info][119638][SensorBase.cpp:405] [CP0F4630001M] Color Streaming... frameRate=29.964043fps
[09/02 10:57:33.375155][info][119628][VideoSensor.cpp:180] [CP0F4630001M] RightIR backend frame callback, frameRate=29.964043fps
[09/02 10:57:33.375231][info][119626][VideoSensor.cpp:180] [CP0F4630001M] LeftIR backend frame callback, frameRate=29.964043fps
[09/02 10:57:33.375276][info][119632][SensorBase.cpp:405] [CP0F4630001M] RightIR Streaming... frameRate=29.964043fps
[09/02 10:57:33.375337][info][119631][SensorBase.cpp:405] [CP0F4630001M] LeftIR Streaming... frameRate=29.964043fps
[09/02 10:57:33.375745][info][119624][VideoSensor.cpp:180] [CP0F4630001M] Depth backend frame callback, frameRate=29.970030fps
[09/02 10:57:33.413972][info][119633][SensorBase.cpp:405] [CP0F4630001M] Depth Streaming... frameRate=29.964043fps
[09/02 10:57:33.601720][info][119637][SensorBase.cpp:478] [CP0F4630001M] Accel Streaming... frameRate=199.362045fps
[09/02 10:57:33.601766][info][119637][SensorBase.cpp:478] [CP0F4630001M] Gyro Streaming... frameRate=199.362045fps
[09/02 10:57:33.816682][info][119622][VideoSensor.cpp:180] [CP0F4630001M] Color backend frame callback, frameRate=29.970030fps
[09/02 10:57:33.850442][info][119638][SensorBase.cpp:405] [CP0F4630001M] Color Streaming... frameRate=29.964043fps
[09/02 10:57:38.381198][info][119626][VideoSensor.cpp:180] [CP0F4630001M] LeftIR backend frame callback, frameRate=29.964043fps
[09/02 10:57:38.381278][info][119628][VideoSensor.cpp:180] [CP0F4630001M] RightIR backend frame callback, frameRate=29.964043fps
[09/02 10:57:38.381455][info][119631][SensorBase.cpp:405] [CP0F4630001M] LeftIR Streaming... frameRate=29.964043fps
[09/02 10:57:38.381487][info][119632][SensorBase.cpp:405] [CP0F4630001M] RightIR Streaming... frameRate=29.964043fps
[09/02 10:57:38.381688][info][119624][VideoSensor.cpp:180] [CP0F4630001M] Depth backend frame callback, frameRate=29.964043fps
[09/02 10:57:38.420076][info][119633][SensorBase.cpp:405] [CP0F4630001M] Depth Streaming... frameRate=29.970030fps
[09/02 10:57:38.610023][info][119637][SensorBase.cpp:478] [CP0F4630001M] Accel Streaming... frameRate=199.281158fps
[09/02 10:57:38.610074][info][119637][SensorBase.cpp:478] [CP0F4630001M] Gyro Streaming... frameRate=199.281158fps
[09/02 10:57:38.822525][info][119622][VideoSensor.cpp:180] [CP0F4630001M] Color backend frame callback, frameRate=29.964043fps
[09/02 10:57:38.856203][info][119638][SensorBase.cpp:405] [CP0F4630001M] Color Streaming... frameRate=29.964043fps
[09/02 10:57:43.386944][info][119626][VideoSensor.cpp:180] [CP0F4630001M] LeftIR backend frame callback, frameRate=29.970030fps
[09/02 10:57:43.387015][info][119628][VideoSensor.cpp:180] [CP0F4630001M] RightIR backend frame callback, frameRate=29.970030fps
[09/02 10:57:43.387130][info][119631][SensorBase.cpp:405] [CP0F4630001M] LeftIR Streaming... frameRate=29.970030fps
[09/02 10:57:43.387158][info][119632][SensorBase.cpp:405] [CP0F4630001M] RightIR Streaming... frameRate=29.970030fps
[09/02 10:57:43.387455][info][119624][VideoSensor.cpp:180] [CP0F4630001M] Depth backend frame callback, frameRate=29.964043fps
[09/02 10:57:43.425799][info][119633][SensorBase.cpp:405] [CP0F4630001M] Depth Streaming... frameRate=29.964043fps
[09/02 10:57:43.626130][info][119637][SensorBase.cpp:478] [CP0F4630001M] Accel Streaming... frameRate=199.362045fps
[09/02 10:57:43.626176][info][119637][SensorBase.cpp:478] [CP0F4630001M] Gyro Streaming... frameRate=199.362045fps
[09/02 10:57:43.828485][info][119622][VideoSensor.cpp:180] [CP0F4630001M] Color backend frame callback, frameRate=29.964043fps
[09/02 10:57:43.862192][info][119638][SensorBase.cpp:405] [CP0F4630001M] Color Streaming... frameRate=29.970030fps
[09/02 10:57:48.392904][info][119628][VideoSensor.cpp:180] [CP0F4630001M] RightIR backend frame callback, frameRate=29.964043fps
[09/02 10:57:48.392979][info][119626][VideoSensor.cpp:180] [CP0F4630001M] LeftIR backend frame callback, frameRate=29.964043fps
[09/02 10:57:48.393006][info][119632][SensorBase.cpp:405] [CP0F4630001M] RightIR Streaming... frameRate=29.964043fps
[09/02 10:57:48.393195][info][119631][SensorBase.cpp:405] [CP0F4630001M] LeftIR Streaming... frameRate=29.964043fps
[09/02 10:57:48.393316][info][119624][VideoSensor.cpp:180] [CP0F4630001M] Depth backend frame callback, frameRate=29.970030fps
[09/02 10:57:48.431762][info][119633][SensorBase.cpp:405] [CP0F4630001M] Depth Streaming... frameRate=29.964043fps
[09/02 10:57:48.642186][info][119637][SensorBase.cpp:478] [CP0F4630001M] Accel Streaming... frameRate=199.362045fps
[09/02 10:57:48.642201][info][119637][SensorBase.cpp:478] [CP0F4630001M] Gyro Streaming... frameRate=199.362045fps
[09/02 10:57:48.834390][info][119622][VideoSensor.cpp:180] [CP0F4630001M] Color backend frame callback, frameRate=29.970030fps
[09/02 10:57:48.868056][info][119638][SensorBase.cpp:405] [CP0F4630001M] Color Streaming... frameRate=29.964043fps
[09/02 10:57:53.398800][info][119628][VideoSensor.cpp:180] [CP0F4630001M] RightIR backend frame callback, frameRate=29.964043fps
[09/02 10:57:53.398898][info][119626][VideoSensor.cpp:180] [CP0F4630001M] LeftIR backend frame callback, frameRate=29.964043fps
[09/02 10:57:53.398911][info][119632][SensorBase.cpp:405] [CP0F4630001M] RightIR Streaming... frameRate=29.964043fps
[09/02 10:57:53.399009][info][119631][SensorBase.cpp:405] [CP0F4630001M] LeftIR Streaming... frameRate=29.964043fps
[09/02 10:57:53.399310][info][119624][VideoSensor.cpp:180] [CP0F4630001M] Depth backend frame callback, frameRate=29.964043fps
[09/02 10:57:53.437725][info][119633][SensorBase.cpp:405] [CP0F4630001M] Depth Streaming... frameRate=29.964043fps
[09/02 10:57:53.658670][info][119637][SensorBase.cpp:478] [CP0F4630001M] Accel Streaming... frameRate=199.362045fps
[09/02 10:57:53.658700][info][119637][SensorBase.cpp:478] [CP0F4630001M] Gyro Streaming... frameRate=199.322296fps
[09/02 10:57:53.840218][info][119622][VideoSensor.cpp:180] [CP0F4630001M] Color backend frame callback, frameRate=29.964043fps
[09/02 10:57:53.873893][info][119638][SensorBase.cpp:405] [CP0F4630001M] Color Streaming... frameRate=29.964043fps
[09/02 10:57:58.404742][info][119626][VideoSensor.cpp:180] [CP0F4630001M] LeftIR backend frame callback, frameRate=29.970030fps
[09/02 10:57:58.404829][info][119631][SensorBase.cpp:405] [CP0F4630001M] LeftIR Streaming... frameRate=29.970030fps
[09/02 10:57:58.404891][info][119628][VideoSensor.cpp:180] [CP0F4630001M] RightIR backend frame callback, frameRate=29.970030fps
[09/02 10:57:58.404987][info][119632][SensorBase.cpp:405] [CP0F4630001M] RightIR Streaming... frameRate=29.964043fps
[09/02 10:57:58.405128][info][119624][VideoSensor.cpp:180] [CP0F4630001M] Depth backend frame callback, frameRate=29.964043fps
[09/02 10:57:58.443486][info][119633][SensorBase.cpp:405] [CP0F4630001M] Depth Streaming... frameRate=29.970030fps
[09/02 10:57:58.666825][info][119637][SensorBase.cpp:478] [CP0F4630001M] Accel Streaming... frameRate=199.281158fps
[09/02 10:57:58.666879][info][119637][SensorBase.cpp:478] [CP0F4630001M] Gyro Streaming... frameRate=199.320953fps
[09/02 10:57:58.846174][info][119622][VideoSensor.cpp:180] [CP0F4630001M] Color backend frame callback, frameRate=29.964043fps
[09/02 10:57:58.879939][info][119638][SensorBase.cpp:405] [CP0F4630001M] Color Streaming... frameRate=29.964043fps
[09/02 10:58:03.410570][info][119626][VideoSensor.cpp:180] [CP0F4630001M] LeftIR backend frame callback, frameRate=29.964043fps
[09/02 10:58:03.410647][info][119628][VideoSensor.cpp:180] [CP0F4630001M] RightIR backend frame callback, frameRate=29.964043fps
[09/02 10:58:03.410726][info][119631][SensorBase.cpp:405] [CP0F4630001M] LeftIR Streaming... frameRate=29.964043fps
[09/02 10:58:03.410779][info][119632][SensorBase.cpp:405] [CP0F4630001M] RightIR Streaming... frameRate=29.970030fps
[09/02 10:58:03.411087][info][119624][VideoSensor.cpp:180] [CP0F4630001M] Depth backend frame callback, frameRate=29.964043fps
[09/02 10:58:03.449438][info][119633][SensorBase.cpp:405] [CP0F4630001M] Depth Streaming... frameRate=29.964043fps
[09/02 10:58:03.682998][info][119637][SensorBase.cpp:478] [CP0F4630001M] Accel Streaming... frameRate=199.362045fps
[09/02 10:58:03.683052][info][119637][SensorBase.cpp:478] [CP0F4630001M] Gyro Streaming... frameRate=199.362045fps
[09/02 10:58:03.852077][info][119622][VideoSensor.cpp:180] [CP0F4630001M] Color backend frame callback, frameRate=29.970030fps
[09/02 10:58:03.885721][info][119638][SensorBase.cpp:405] [CP0F4630001M] Color Streaming... frameRate=29.970030fps
[09/02 10:58:08.416442][info][119626][VideoSensor.cpp:180] [CP0F4630001M] LeftIR backend frame callback, frameRate=29.964043fps
[09/02 10:58:08.416522][info][119628][VideoSensor.cpp:180] [CP0F4630001M] RightIR backend frame callback, frameRate=29.964043fps
[09/02 10:58:08.416530][info][119631][SensorBase.cpp:405] [CP0F4630001M] LeftIR Streaming... frameRate=29.964043fps
[09/02 10:58:08.416624][info][119632][SensorBase.cpp:405] [CP0F4630001M] RightIR Streaming... frameRate=29.964043fps
[09/02 10:58:08.416966][info][119624][VideoSensor.cpp:180] [CP0F4630001M] Depth backend frame callback, frameRate=29.970030fps
[09/02 10:58:08.455220][info][119633][SensorBase.cpp:405] [CP0F4630001M] Depth Streaming... frameRate=29.970030fps
[09/02 10:58:08.683328][info][119637][SensorBase.cpp:478] [CP0F4630001M] Accel Streaming... frameRate=199.760056fps
[09/02 10:58:08.683380][info][119637][SensorBase.cpp:478] [CP0F4630001M] Gyro Streaming... frameRate=199.760056fps
[09/02 10:58:08.858018][info][119622][VideoSensor.cpp:180] [CP0F4630001M] Color backend frame callback, frameRate=29.964043fps
[09/02 10:58:08.891542][info][119638][SensorBase.cpp:405] [CP0F4630001M] Color Streaming... frameRate=29.964043fps
[09/02 10:58:13.422423][info][119628][VideoSensor.cpp:180] [CP0F4630001M] RightIR backend frame callback, frameRate=29.970030fps
[09/02 10:58:13.422515][info][119626][VideoSensor.cpp:180] [CP0F4630001M] LeftIR backend frame callback, frameRate=29.964043fps
[09/02 10:58:13.422528][info][119632][SensorBase.cpp:405] [CP0F4630001M] RightIR Streaming... frameRate=29.964043fps
[09/02 10:58:13.422591][info][119631][SensorBase.cpp:405] [CP0F4630001M] LeftIR Streaming... frameRate=29.964043fps
[09/02 10:58:13.422930][info][119624][VideoSensor.cpp:180] [CP0F4630001M] Depth backend frame callback, frameRate=29.964043fps
[09/02 10:58:13.461203][info][119633][SensorBase.cpp:405] [CP0F4630001M] Depth Streaming... frameRate=29.964043fps
[09/02 10:58:13.691388][info][119637][SensorBase.cpp:478] [CP0F4630001M] Accel Streaming... frameRate=199.121231fps
[09/02 10:58:13.691440][info][119637][SensorBase.cpp:478] [CP0F4630001M] Gyro Streaming... frameRate=199.121231fps
[09/02 10:58:13.863975][info][119622][VideoSensor.cpp:180] [CP0F4630001M] Color backend frame callback, frameRate=29.964043fps
[09/02 10:58:13.897584][info][119638][SensorBase.cpp:405] [CP0F4630001M] Color Streaming... frameRate=29.964043fps
[09/02 10:58:18.428264][info][119626][VideoSensor.cpp:180] [CP0F4630001M] LeftIR backend frame callback, frameRate=29.970030fps
[09/02 10:58:18.428359][info][119631][SensorBase.cpp:405] [CP0F4630001M] LeftIR Streaming... frameRate=29.970030fps
[09/02 10:58:18.428465][info][119628][VideoSensor.cpp:180] [CP0F4630001M] RightIR backend frame callback, frameRate=29.964043fps
[09/02 10:58:18.428679][info][119632][SensorBase.cpp:405] [CP0F4630001M] RightIR Streaming... frameRate=29.964043fps
[09/02 10:58:18.428859][info][119624][VideoSensor.cpp:180] [CP0F4630001M] Depth backend frame callback, frameRate=29.964043fps
[09/02 10:58:18.466937][info][119633][SensorBase.cpp:405] [CP0F4630001M] Depth Streaming... frameRate=29.964043fps
[09/02 10:58:18.699521][info][119637][SensorBase.cpp:478] [CP0F4630001M] Accel Streaming... frameRate=199.281158fps
[09/02 10:58:18.699573][info][119637][SensorBase.cpp:478] [CP0F4630001M] Gyro Streaming... frameRate=199.281158fps
[09/02 10:58:18.869728][info][119622][VideoSensor.cpp:180] [CP0F4630001M] Color backend frame callback, frameRate=29.964043fps
[09/02 10:58:18.903367][info][119638][SensorBase.cpp:405] [CP0F4630001M] Color Streaming... frameRate=29.970030fps
[09/02 10:58:23.434222][info][119628][VideoSensor.cpp:180] [CP0F4630001M] RightIR backend frame callback, frameRate=29.964043fps
[09/02 10:58:23.434308][info][119626][VideoSensor.cpp:180] [CP0F4630001M] LeftIR backend frame callback, frameRate=29.964043fps
[09/02 10:58:23.434429][info][119632][SensorBase.cpp:405] [CP0F4630001M] RightIR Streaming... frameRate=29.970030fps
[09/02 10:58:23.434526][info][119631][SensorBase.cpp:405] [CP0F4630001M] LeftIR Streaming... frameRate=29.964043fps
[09/02 10:58:23.434810][info][119624][VideoSensor.cpp:180] [CP0F4630001M] Depth backend frame callback, frameRate=29.970030fps
[09/02 10:58:23.473369][info][119633][SensorBase.cpp:405] [CP0F4630001M] Depth Streaming... frameRate=29.964043fps
[09/02 10:58:23.707623][info][119637][SensorBase.cpp:478] [CP0F4630001M] Accel Streaming... frameRate=199.281158fps
[09/02 10:58:23.707650][info][119637][SensorBase.cpp:478] [CP0F4630001M] Gyro Streaming... frameRate=199.281158fps
[09/02 10:58:23.875810][info][119622][VideoSensor.cpp:180] [CP0F4630001M] Color backend frame callback, frameRate=29.970030fps
[09/02 10:58:23.909489][info][119638][SensorBase.cpp:405] [CP0F4630001M] Color Streaming... frameRate=29.964043fps
[09/02 10:58:28.440243][info][119628][VideoSensor.cpp:180] [CP0F4630001M] RightIR backend frame callback, frameRate=29.964043fps
[09/02 10:58:28.440359][info][119632][SensorBase.cpp:405] [CP0F4630001M] RightIR Streaming... frameRate=29.964043fps
[09/02 10:58:28.440391][info][119626][VideoSensor.cpp:180] [CP0F4630001M] LeftIR backend frame callback, frameRate=29.964043fps
[09/02 10:58:28.440481][info][119631][SensorBase.cpp:405] [CP0F4630001M] LeftIR Streaming... frameRate=29.964043fps
[09/02 10:58:28.440721][info][119624][VideoSensor.cpp:180] [CP0F4630001M] Depth backend frame callback, frameRate=29.964043fps
[09/02 10:58:28.479160][info][119633][SensorBase.cpp:405] [CP0F4630001M] Depth Streaming... frameRate=29.964043fps
[09/02 10:58:28.715934][info][119637][SensorBase.cpp:478] [CP0F4630001M] Accel Streaming... frameRate=199.281158fps
[09/02 10:58:28.715982][info][119637][SensorBase.cpp:478] [CP0F4630001M] Gyro Streaming... frameRate=199.281158fps
[09/02 10:58:28.881687][info][119622][VideoSensor.cpp:180] [CP0F4630001M] Color backend frame callback, frameRate=29.964043fps
[09/02 10:58:28.915438][info][119638][SensorBase.cpp:405] [CP0F4630001M] Color Streaming... frameRate=29.964043fps
[09/02 10:58:33.446040][info][119628][VideoSensor.cpp:180] [CP0F4630001M] RightIR backend frame callback, frameRate=29.970030fps
[09/02 10:58:33.446134][info][119632][SensorBase.cpp:405] [CP0F4630001M] RightIR Streaming... frameRate=29.970030fps
[09/02 10:58:33.446142][info][119626][VideoSensor.cpp:180] [CP0F4630001M] LeftIR backend frame callback, frameRate=29.970030fps
[09/02 10:58:33.446278][info][119631][SensorBase.cpp:405] [CP0F4630001M] LeftIR Streaming... frameRate=29.964043fps
[09/02 10:58:33.446523][info][119624][VideoSensor.cpp:180] [CP0F4630001M] Depth backend frame callback, frameRate=29.964043fps
[09/02 10:58:33.484866][info][119633][SensorBase.cpp:405] [CP0F4630001M] Depth Streaming... frameRate=29.970030fps
[09/02 10:58:33.732115][info][119637][SensorBase.cpp:478] [CP0F4630001M] Accel Streaming... frameRate=199.362045fps
[09/02 10:58:33.732160][info][119637][SensorBase.cpp:478] [CP0F4630001M] Gyro Streaming... frameRate=199.362045fps
[09/02 10:58:33.887463][info][119622][VideoSensor.cpp:180] [CP0F4630001M] Color backend frame callback, frameRate=29.964043fps
[09/02 10:58:33.921125][info][119638][SensorBase.cpp:405] [CP0F4630001M] Color Streaming... frameRate=29.970030fps
[09/02 10:58:38.451976][info][119628][VideoSensor.cpp:180] [CP0F4630001M] RightIR backend frame callback, frameRate=29.964043fps
[09/02 10:58:38.452113][info][119632][SensorBase.cpp:405] [CP0F4630001M] RightIR Streaming... frameRate=29.964043fps
[09/02 10:58:38.452123][info][119626][VideoSensor.cpp:180] [CP0F4630001M] LeftIR backend frame callback, frameRate=29.964043fps
[09/02 10:58:38.452329][info][119631][SensorBase.cpp:405] [CP0F4630001M] LeftIR Streaming... frameRate=29.970030fps
[09/02 10:58:38.452491][info][119624][VideoSensor.cpp:180] [CP0F4630001M] Depth backend frame callback, frameRate=29.964043fps
[09/02 10:58:38.490799][info][119633][SensorBase.cpp:405] [CP0F4630001M] Depth Streaming... frameRate=29.964043fps
[09/02 10:58:38.748485][info][119637][SensorBase.cpp:478] [CP0F4630001M] Accel Streaming... frameRate=199.362045fps
[09/02 10:58:38.748536][info][119637][SensorBase.cpp:478] [CP0F4630001M] Gyro Streaming... frameRate=199.322296fps
[09/02 10:58:38.893368][info][119622][VideoSensor.cpp:180] [CP0F4630001M] Color backend frame callback, frameRate=29.970030fps
[09/02 10:58:38.927008][info][119638][SensorBase.cpp:405] [CP0F4630001M] Color Streaming... frameRate=29.964043fps
[09/02 10:58:43.457888][info][119626][VideoSensor.cpp:180] [CP0F4630001M] LeftIR backend frame callback, frameRate=29.964043fps
[09/02 10:58:43.458053][info][119628][VideoSensor.cpp:180] [CP0F4630001M] RightIR backend frame callback, frameRate=29.964043fps
[09/02 10:58:43.458159][info][119631][SensorBase.cpp:405] [CP0F4630001M] LeftIR Streaming... frameRate=29.964043fps
[09/02 10:58:43.458213][info][119632][SensorBase.cpp:405] [CP0F4630001M] RightIR Streaming... frameRate=29.964043fps
[09/02 10:58:43.458683][info][119624][VideoSensor.cpp:180] [CP0F4630001M] Depth backend frame callback, frameRate=29.964043fps
[09/02 10:58:43.497059][info][119633][SensorBase.cpp:405] [CP0F4630001M] Depth Streaming... frameRate=29.964043fps
[09/02 10:58:43.756642][info][119637][SensorBase.cpp:478] [CP0F4630001M] Accel Streaming... frameRate=199.281158fps
[09/02 10:58:43.756691][info][119637][SensorBase.cpp:478] [CP0F4630001M] Gyro Streaming... frameRate=199.281158fps
[09/02 10:58:43.899272][info][119622][VideoSensor.cpp:180] [CP0F4630001M] Color backend frame callback, frameRate=29.964043fps
[09/02 10:58:43.932958][info][119638][SensorBase.cpp:405] [CP0F4630001M] Color Streaming... frameRate=29.964043fps
[09/02 10:58:48.463710][info][119626][VideoSensor.cpp:180] [CP0F4630001M] LeftIR backend frame callback, frameRate=29.970030fps
[09/02 10:58:48.463797][info][119628][VideoSensor.cpp:180] [CP0F4630001M] RightIR backend frame callback, frameRate=29.970030fps
[09/02 10:58:48.463899][info][119631][SensorBase.cpp:405] [CP0F4630001M] LeftIR Streaming... frameRate=29.964043fps
[09/02 10:58:48.463919][info][119632][SensorBase.cpp:405] [CP0F4630001M] RightIR Streaming... frameRate=29.964043fps
[09/02 10:58:48.464224][info][119624][VideoSensor.cpp:180] [CP0F4630001M] Depth backend frame callback, frameRate=29.970030fps
[09/02 10:58:48.502673][info][119633][SensorBase.cpp:405] [CP0F4630001M] Depth Streaming... frameRate=29.970030fps
[09/02 10:58:48.756891][info][119637][SensorBase.cpp:478] [CP0F4630001M] Accel Streaming... frameRate=199.560089fps
[09/02 10:58:48.772660][info][119637][SensorBase.cpp:478] [CP0F4630001M] Gyro Streaming... frameRate=199.401794fps
[09/02 10:58:48.909423][info][119622][VideoSensor.cpp:180] [CP0F4630001M] Color backend frame callback, frameRate=29.940119fps
[09/02 10:58:48.943962][info][119638][SensorBase.cpp:405] [CP0F4630001M] Color Streaming... frameRate=29.934143fps
[09/02 10:58:53.469718][info][119626][VideoSensor.cpp:180] [CP0F4630001M] LeftIR backend frame callback, frameRate=29.964043fps
[09/02 10:58:53.469799][info][119628][VideoSensor.cpp:180] [CP0F4630001M] RightIR backend frame callback, frameRate=29.964043fps
[09/02 10:58:53.469877][info][119632][SensorBase.cpp:405] [CP0F4630001M] RightIR Streaming... frameRate=29.970030fps
[09/02 10:58:53.469938][info][119631][SensorBase.cpp:405] [CP0F4630001M] LeftIR Streaming... frameRate=29.970030fps
[09/02 10:58:53.470351][info][119624][VideoSensor.cpp:180] [CP0F4630001M] Depth backend frame callback, frameRate=29.964043fps
[09/02 10:58:53.508645][info][119633][SensorBase.cpp:405] [CP0F4630001M] Depth Streaming... frameRate=29.964043fps
[09/02 10:58:53.765072][info][119637][SensorBase.cpp:478] [CP0F4630001M] Accel Streaming... frameRate=199.320953fps
[09/02 10:58:53.789044][info][119637][SensorBase.cpp:478] [CP0F4630001M] Gyro Streaming... frameRate=199.362045fps
[09/02 10:58:53.915388][info][119622][VideoSensor.cpp:180] [CP0F4630001M] Color backend frame callback, frameRate=29.964043fps
[09/02 10:58:53.949963][info][119638][SensorBase.cpp:405] [CP0F4630001M] Color Streaming... frameRate=29.970030fps
[09/02 10:58:58.475561][info][119626][VideoSensor.cpp:180] [CP0F4630001M] LeftIR backend frame callback, frameRate=29.964043fps
[09/02 10:58:58.475707][info][119631][SensorBase.cpp:405] [CP0F4630001M] LeftIR Streaming... frameRate=29.964043fps
[09/02 10:58:58.475783][info][119628][VideoSensor.cpp:180] [CP0F4630001M] RightIR backend frame callback, frameRate=29.964043fps
[09/02 10:58:58.475963][info][119632][SensorBase.cpp:405] [CP0F4630001M] RightIR Streaming... frameRate=29.964043fps
[09/02 10:58:58.476388][info][119624][VideoSensor.cpp:180] [CP0F4630001M] Depth backend frame callback, frameRate=29.964043fps
[09/02 10:58:58.514711][info][119633][SensorBase.cpp:405] [CP0F4630001M] Depth Streaming... frameRate=29.964043fps
[09/02 10:58:58.773081][info][119637][SensorBase.cpp:478] [CP0F4630001M] Accel Streaming... frameRate=199.281158fps
[09/02 10:58:58.797088][info][119637][SensorBase.cpp:478] [CP0F4630001M] Gyro Streaming... frameRate=199.281158fps
[09/02 10:58:58.921220][info][119622][VideoSensor.cpp:180] [CP0F4630001M] Color backend frame callback, frameRate=29.970030fps
[09/02 10:58:58.955782][info][119638][SensorBase.cpp:405] [CP0F4630001M] Color Streaming... frameRate=29.964043fps
[09/02 10:59:03.481490][info][119628][VideoSensor.cpp:180] [CP0F4630001M] RightIR backend frame callback, frameRate=29.964043fps
[09/02 10:59:03.481658][info][119632][SensorBase.cpp:405] [CP0F4630001M] RightIR Streaming... frameRate=29.964043fps
[09/02 10:59:03.481680][info][119626][VideoSensor.cpp:180] [CP0F4630001M] LeftIR backend frame callback, frameRate=29.964043fps
[09/02 10:59:03.481893][info][119631][SensorBase.cpp:405] [CP0F4630001M] LeftIR Streaming... frameRate=29.964043fps
[09/02 10:59:03.481981][info][119624][VideoSensor.cpp:180] [CP0F4630001M] Depth backend frame callback, frameRate=29.970030fps
[09/02 10:59:03.520433][info][119633][SensorBase.cpp:405] [CP0F4630001M] Depth Streaming... frameRate=29.970030fps
[09/02 10:59:03.781336][info][119637][SensorBase.cpp:478] [CP0F4630001M] Accel Streaming... frameRate=199.281158fps
[09/02 10:59:03.813412][info][119637][SensorBase.cpp:478] [CP0F4630001M] Gyro Streaming... frameRate=199.362045fps
[09/02 10:59:03.927168][info][119622][VideoSensor.cpp:180] [CP0F4630001M] Color backend frame callback, frameRate=29.964043fps
[09/02 10:59:03.961727][info][119638][SensorBase.cpp:405] [CP0F4630001M] Color Streaming... frameRate=29.964043fps
[09/02 10:59:08.487435][info][119626][VideoSensor.cpp:180] [CP0F4630001M] LeftIR backend frame callback, frameRate=29.970030fps
[09/02 10:59:08.487534][info][119628][VideoSensor.cpp:180] [CP0F4630001M] RightIR backend frame callback, frameRate=29.970030fps
[09/02 10:59:08.487687][info][119631][SensorBase.cpp:405] [CP0F4630001M] LeftIR Streaming... frameRate=29.964043fps
[09/02 10:59:08.487737][info][119632][SensorBase.cpp:405] [CP0F4630001M] RightIR Streaming... frameRate=29.964043fps
[09/02 10:59:08.487956][info][119624][VideoSensor.cpp:180] [CP0F4630001M] Depth backend frame callback, frameRate=29.964043fps
[09/02 10:59:08.526293][info][119633][SensorBase.cpp:405] [CP0F4630001M] Depth Streaming... frameRate=29.964043fps
[09/02 10:59:08.789499][info][119637][SensorBase.cpp:478] [CP0F4630001M] Accel Streaming... frameRate=199.281158fps
[09/02 10:59:08.829448][info][119637][SensorBase.cpp:478] [CP0F4630001M] Gyro Streaming... frameRate=199.362045fps
[09/02 10:59:08.932900][info][119622][VideoSensor.cpp:180] [CP0F4630001M] Color backend frame callback, frameRate=29.964043fps
[09/02 10:59:08.967800][info][119638][SensorBase.cpp:405] [CP0F4630001M] Color Streaming... frameRate=29.964043fps
[09/02 10:59:13.493282][info][119626][VideoSensor.cpp:180] [CP0F4630001M] LeftIR backend frame callback, frameRate=29.964043fps
[09/02 10:59:13.493354][info][119628][VideoSensor.cpp:180] [CP0F4630001M] RightIR backend frame callback, frameRate=29.964043fps
[09/02 10:59:13.493460][info][119632][SensorBase.cpp:405] [CP0F4630001M] RightIR Streaming... frameRate=29.970030fps
[09/02 10:59:13.493500][info][119631][SensorBase.cpp:405] [CP0F4630001M] LeftIR Streaming... frameRate=29.970030fps
[09/02 10:59:13.493846][info][119624][VideoSensor.cpp:180] [CP0F4630001M] Depth backend frame callback, frameRate=29.970030fps
[09/02 10:59:13.532184][info][119633][SensorBase.cpp:405] [CP0F4630001M] Depth Streaming... frameRate=29.964043fps
[09/02 10:59:13.805833][info][119637][SensorBase.cpp:478] [CP0F4630001M] Accel Streaming... frameRate=199.362045fps
[09/02 10:59:13.845799][info][119637][SensorBase.cpp:478] [CP0F4630001M] Gyro Streaming... frameRate=199.362045fps
[09/02 10:59:13.938902][info][119622][VideoSensor.cpp:180] [CP0F4630001M] Color backend frame callback, frameRate=29.964043fps
[09/02 10:59:13.973505][info][119638][SensorBase.cpp:405] [CP0F4630001M] Color Streaming... frameRate=29.970030fps
[09/02 10:59:18.499184][info][119626][VideoSensor.cpp:180] [CP0F4630001M] LeftIR backend frame callback, frameRate=29.964043fps
[09/02 10:59:18.499258][info][119628][VideoSensor.cpp:180] [CP0F4630001M] RightIR backend frame callback, frameRate=29.964043fps
[09/02 10:59:18.499306][info][119631][SensorBase.cpp:405] [CP0F4630001M] LeftIR Streaming... frameRate=29.964043fps
[09/02 10:59:18.499360][info][119632][SensorBase.cpp:405] [CP0F4630001M] RightIR Streaming... frameRate=29.964043fps
[09/02 10:59:18.499683][info][119624][VideoSensor.cpp:180] [CP0F4630001M] Depth backend frame callback, frameRate=29.964043fps
[09/02 10:59:18.538056][info][119633][SensorBase.cpp:405] [CP0F4630001M] Depth Streaming... frameRate=29.964043fps
[09/02 10:59:18.813839][info][119637][SensorBase.cpp:478] [CP0F4630001M] Accel Streaming... frameRate=199.281158fps
[09/02 10:59:18.853813][info][119637][SensorBase.cpp:478] [CP0F4630001M] Gyro Streaming... frameRate=199.281158fps
[09/02 10:59:18.944876][info][119622][VideoSensor.cpp:180] [CP0F4630001M] Color backend frame callback, frameRate=29.970030fps
[09/02 10:59:18.979350][info][119638][SensorBase.cpp:405] [CP0F4630001M] Color Streaming... frameRate=29.964043fps
[09/02 10:59:23.505192][info][119626][VideoSensor.cpp:180] [CP0F4630001M] LeftIR backend frame callback, frameRate=29.970030fps
[09/02 10:59:23.505269][info][119628][VideoSensor.cpp:180] [CP0F4630001M] RightIR backend frame callback, frameRate=29.964043fps
[09/02 10:59:23.505341][info][119632][SensorBase.cpp:405] [CP0F4630001M] RightIR Streaming... frameRate=29.964043fps
[09/02 10:59:23.505396][info][119631][SensorBase.cpp:405] [CP0F4630001M] LeftIR Streaming... frameRate=29.964043fps
[09/02 10:59:23.505649][info][119624][VideoSensor.cpp:180] [CP0F4630001M] Depth backend frame callback, frameRate=29.964043fps
[09/02 10:59:23.544112][info][119633][SensorBase.cpp:405] [CP0F4630001M] Depth Streaming... frameRate=29.970030fps
[09/02 10:59:23.830055][info][119637][SensorBase.cpp:478] [CP0F4630001M] Accel Streaming... frameRate=199.362045fps
[09/02 10:59:23.870059][info][119637][SensorBase.cpp:478] [CP0F4630001M] Gyro Streaming... frameRate=199.362045fps
[09/02 10:59:23.950792][info][119622][VideoSensor.cpp:180] [CP0F4630001M] Color backend frame callback, frameRate=29.964043fps
[09/02 10:59:23.985395][info][119638][SensorBase.cpp:405] [CP0F4630001M] Color Streaming... frameRate=29.964043fps
[09/02 10:59:28.511011][info][119626][VideoSensor.cpp:180] [CP0F4630001M] LeftIR backend frame callback, frameRate=29.964043fps
[09/02 10:59:28.511228][info][119628][VideoSensor.cpp:180] [CP0F4630001M] RightIR backend frame callback, frameRate=29.970030fps
[09/02 10:59:28.511252][info][119631][SensorBase.cpp:405] [CP0F4630001M] LeftIR Streaming... frameRate=29.970030fps
[09/02 10:59:28.511339][info][119632][SensorBase.cpp:405] [CP0F4630001M] RightIR Streaming... frameRate=29.970030fps
[09/02 10:59:28.511502][info][119624][VideoSensor.cpp:180] [CP0F4630001M] Depth backend frame callback, frameRate=29.964043fps
[09/02 10:59:28.549695][info][119633][SensorBase.cpp:405] [CP0F4630001M] Depth Streaming... frameRate=29.964043fps
[09/02 10:59:28.846298][info][119637][SensorBase.cpp:478] [CP0F4630001M] Accel Streaming... frameRate=199.362045fps
[09/02 10:59:28.886271][info][119637][SensorBase.cpp:478] [CP0F4630001M] Gyro Streaming... frameRate=199.362045fps
[09/02 10:59:28.956691][info][119622][VideoSensor.cpp:180] [CP0F4630001M] Color backend frame callback, frameRate=29.964043fps
[09/02 10:59:28.991278][info][119638][SensorBase.cpp:405] [CP0F4630001M] Color Streaming... frameRate=29.970030fps
[09/02 10:59:33.517057][info][119628][VideoSensor.cpp:180] [CP0F4630001M] RightIR backend frame callback, frameRate=29.964043fps
[09/02 10:59:33.517192][info][119626][VideoSensor.cpp:180] [CP0F4630001M] LeftIR backend frame callback, frameRate=29.964043fps
[09/02 10:59:33.517262][info][119632][SensorBase.cpp:405] [CP0F4630001M] RightIR Streaming... frameRate=29.964043fps
[09/02 10:59:33.517362][info][119631][SensorBase.cpp:405] [CP0F4630001M] LeftIR Streaming... frameRate=29.964043fps
[09/02 10:59:33.517503][info][119624][VideoSensor.cpp:180] [CP0F4630001M] Depth backend frame callback, frameRate=29.970030fps
[09/02 10:59:33.555816][info][119633][SensorBase.cpp:405] [CP0F4630001M] Depth Streaming... frameRate=29.964043fps
[09/02 10:59:33.854581][info][119637][SensorBase.cpp:478] [CP0F4630001M] Accel Streaming... frameRate=199.281158fps
[09/02 10:59:33.894526][info][119637][SensorBase.cpp:478] [CP0F4630001M] Gyro Streaming... frameRate=199.281158fps
[09/02 10:59:33.962515][info][119622][VideoSensor.cpp:180] [CP0F4630001M] Color backend frame callback, frameRate=29.970030fps
[09/02 10:59:33.997243][info][119638][SensorBase.cpp:405] [CP0F4630001M] Color Streaming... frameRate=29.964043fps
[09/02 10:59:38.522857][info][119628][VideoSensor.cpp:180] [CP0F4630001M] RightIR backend frame callback, frameRate=29.964043fps
[09/02 10:59:38.522959][info][119626][VideoSensor.cpp:180] [CP0F4630001M] LeftIR backend frame callback, frameRate=29.964043fps
[09/02 10:59:38.522977][info][119632][SensorBase.cpp:405] [CP0F4630001M] RightIR Streaming... frameRate=29.964043fps
[09/02 10:59:38.523128][info][119631][SensorBase.cpp:405] [CP0F4630001M] LeftIR Streaming... frameRate=29.964043fps
[09/02 10:59:38.523327][info][119624][VideoSensor.cpp:180] [CP0F4630001M] Depth backend frame callback, frameRate=29.964043fps
[09/02 10:59:38.561380][info][119633][SensorBase.cpp:405] [CP0F4630001M] Depth Streaming... frameRate=29.970030fps
[09/02 10:59:38.870692][info][119637][SensorBase.cpp:478] [CP0F4630001M] Accel Streaming... frameRate=199.362045fps
[09/02 10:59:38.910691][info][119637][SensorBase.cpp:478] [CP0F4630001M] Gyro Streaming... frameRate=199.362045fps
[09/02 10:59:38.968540][info][119622][VideoSensor.cpp:180] [CP0F4630001M] Color backend frame callback, frameRate=29.964043fps
[09/02 10:59:39.003121][info][119638][SensorBase.cpp:405] [CP0F4630001M] Color Streaming... frameRate=29.964043fps
[09/02 10:59:43.528729][info][119628][VideoSensor.cpp:180] [CP0F4630001M] RightIR backend frame callback, frameRate=29.970030fps
[09/02 10:59:43.528909][info][119632][SensorBase.cpp:405] [CP0F4630001M] RightIR Streaming... frameRate=29.970030fps
[09/02 10:59:43.528927][info][119626][VideoSensor.cpp:180] [CP0F4630001M] LeftIR backend frame callback, frameRate=29.970030fps
[09/02 10:59:43.529078][info][119631][SensorBase.cpp:405] [CP0F4630001M] LeftIR Streaming... frameRate=29.964043fps
[09/02 10:59:43.529194][info][119624][VideoSensor.cpp:180] [CP0F4630001M] Depth backend frame callback, frameRate=29.964043fps
[09/02 10:59:43.567670][info][119633][SensorBase.cpp:405] [CP0F4630001M] Depth Streaming... frameRate=29.964043fps
[09/02 10:59:43.886927][info][119637][SensorBase.cpp:478] [CP0F4630001M] Accel Streaming... frameRate=199.362045fps
[09/02 10:59:43.926897][info][119637][SensorBase.cpp:478] [CP0F4630001M] Gyro Streaming... frameRate=199.362045fps
[09/02 10:59:43.974237][info][119622][VideoSensor.cpp:180] [CP0F4630001M] Color backend frame callback, frameRate=29.964043fps
[09/02 10:59:44.009020][info][119638][SensorBase.cpp:405] [CP0F4630001M] Color Streaming... frameRate=29.964043fps
[09/02 10:59:48.534513][info][119626][VideoSensor.cpp:180] [CP0F4630001M] LeftIR backend frame callback, frameRate=29.964043fps
[09/02 10:59:48.534605][info][119628][VideoSensor.cpp:180] [CP0F4630001M] RightIR backend frame callback, frameRate=29.964043fps
[09/02 10:59:48.534629][info][119631][SensorBase.cpp:405] [CP0F4630001M] LeftIR Streaming... frameRate=29.970030fps
[09/02 10:59:48.534828][info][119632][SensorBase.cpp:405] [CP0F4630001M] RightIR Streaming... frameRate=29.964043fps
[09/02 10:59:48.535113][info][119624][VideoSensor.cpp:180] [CP0F4630001M] Depth backend frame callback, frameRate=29.970030fps
[09/02 10:59:48.573442][info][119633][SensorBase.cpp:405] [CP0F4630001M] Depth Streaming... frameRate=29.964043fps
[09/02 10:59:48.895054][info][119637][SensorBase.cpp:478] [CP0F4630001M] Accel Streaming... frameRate=199.281158fps
[09/02 10:59:48.935184][info][119637][SensorBase.cpp:478] [CP0F4630001M] Gyro Streaming... frameRate=199.241379fps
[09/02 10:59:48.980121][info][119622][VideoSensor.cpp:180] [CP0F4630001M] Color backend frame callback, frameRate=29.970030fps
[09/02 10:59:49.014867][info][119638][SensorBase.cpp:405] [CP0F4630001M] Color Streaming... frameRate=29.970030fps
[09/02 10:59:53.540445][info][119628][VideoSensor.cpp:180] [CP0F4630001M] RightIR backend frame callback, frameRate=29.964043fps
[09/02 10:59:53.540522][info][119626][VideoSensor.cpp:180] [CP0F4630001M] LeftIR backend frame callback, frameRate=29.964043fps
[09/02 10:59:53.540666][info][119632][SensorBase.cpp:405] [CP0F4630001M] RightIR Streaming... frameRate=29.964043fps
[09/02 10:59:53.540735][info][119631][SensorBase.cpp:405] [CP0F4630001M] LeftIR Streaming... frameRate=29.964043fps
[09/02 10:59:53.541226][info][119624][VideoSensor.cpp:180] [CP0F4630001M] Depth backend frame callback, frameRate=29.964043fps
[09/02 10:59:53.579613][info][119633][SensorBase.cpp:405] [CP0F4630001M] Depth Streaming... frameRate=29.964043fps
[09/02 10:59:53.911158][info][119637][SensorBase.cpp:478] [CP0F4630001M] Accel Streaming... frameRate=199.362045fps
[09/02 10:59:53.951187][info][119637][SensorBase.cpp:478] [CP0F4630001M] Gyro Streaming... frameRate=199.401794fps
[09/02 10:59:53.986002][info][119622][VideoSensor.cpp:180] [CP0F4630001M] Color backend frame callback, frameRate=29.964043fps
[09/02 10:59:54.020741][info][119638][SensorBase.cpp:405] [CP0F4630001M] Color Streaming... frameRate=29.964043fps
[09/02 10:59:58.546240][info][119626][VideoSensor.cpp:180] [CP0F4630001M] LeftIR backend frame callback, frameRate=29.970030fps
[09/02 10:59:58.546358][info][119631][SensorBase.cpp:405] [CP0F4630001M] LeftIR Streaming... frameRate=29.970030fps
[09/02 10:59:58.546476][info][119628][VideoSensor.cpp:180] [CP0F4630001M] RightIR backend frame callback, frameRate=29.964043fps
[09/02 10:59:58.546700][info][119632][SensorBase.cpp:405] [CP0F4630001M] RightIR Streaming... frameRate=29.964043fps
[09/02 10:59:58.546828][info][119624][VideoSensor.cpp:180] [CP0F4630001M] Depth backend frame callback, frameRate=29.964043fps
[09/02 10:59:58.585133][info][119633][SensorBase.cpp:405] [CP0F4630001M] Depth Streaming... frameRate=29.970030fps
[09/02 10:59:58.927392][info][119637][SensorBase.cpp:478] [CP0F4630001M] Accel Streaming... frameRate=199.362045fps
[09/02 10:59:58.967403][info][119637][SensorBase.cpp:478] [CP0F4630001M] Gyro Streaming... frameRate=199.362045fps
[09/02 10:59:58.991836][info][119622][VideoSensor.cpp:180] [CP0F4630001M] Color backend frame callback, frameRate=29.964043fps
[09/02 10:59:59.026494][info][119638][SensorBase.cpp:405] [CP0F4630001M] Color Streaming... frameRate=29.964043fps
[09/02 11:00:03.552107][info][119626][VideoSensor.cpp:180] [CP0F4630001M] LeftIR backend frame callback, frameRate=29.964043fps
[09/02 11:00:03.552183][info][119628][VideoSensor.cpp:180] [CP0F4630001M] RightIR backend frame callback, frameRate=29.970030fps
[09/02 11:00:03.552208][info][119631][SensorBase.cpp:405] [CP0F4630001M] LeftIR Streaming... frameRate=29.964043fps
[09/02 11:00:03.552257][info][119632][SensorBase.cpp:405] [CP0F4630001M] RightIR Streaming... frameRate=29.970030fps
[09/02 11:00:03.552671][info][119624][VideoSensor.cpp:180] [CP0F4630001M] Depth backend frame callback, frameRate=29.964043fps
[09/02 11:00:03.591036][info][119633][SensorBase.cpp:405] [CP0F4630001M] Depth Streaming... frameRate=29.964043fps
[09/02 11:00:03.935565][info][119637][SensorBase.cpp:478] [CP0F4630001M] Accel Streaming... frameRate=199.281158fps
[09/02 11:00:03.975668][info][119637][SensorBase.cpp:478] [CP0F4630001M] Gyro Streaming... frameRate=199.241379fps
[09/02 11:00:03.997734][info][119622][VideoSensor.cpp:180] [CP0F4630001M] Color backend frame callback, frameRate=29.964043fps
[09/02 11:00:04.032474][info][119638][SensorBase.cpp:405] [CP0F4630001M] Color Streaming... frameRate=29.970030fps
[09/02 11:00:08.557899][info][119626][VideoSensor.cpp:180] [CP0F4630001M] LeftIR backend frame callback, frameRate=29.964043fps
[09/02 11:00:08.557954][info][119628][VideoSensor.cpp:180] [CP0F4630001M] RightIR backend frame callback, frameRate=29.964043fps
[09/02 11:00:08.557987][info][119631][SensorBase.cpp:405] [CP0F4630001M] LeftIR Streaming... frameRate=29.964043fps
[09/02 11:00:08.558079][info][119632][SensorBase.cpp:405] [CP0F4630001M] RightIR Streaming... frameRate=29.964043fps
[09/02 11:00:08.558370][info][119624][VideoSensor.cpp:180] [CP0F4630001M] Depth backend frame callback, frameRate=29.970030fps
[09/02 11:00:08.593278][info][119633][SensorBase.cpp:405] [CP0F4630001M] Depth Streaming... frameRate=29.988007fps
[09/02 11:00:08.951541][info][119637][SensorBase.cpp:478] [CP0F4630001M] Accel Streaming... frameRate=199.362045fps
[09/02 11:00:08.991413][info][119637][SensorBase.cpp:478] [CP0F4630001M] Gyro Streaming... frameRate=199.401794fps
[09/02 11:00:09.003537][info][119622][VideoSensor.cpp:180] [CP0F4630001M] Color backend frame callback, frameRate=29.970030fps
[09/02 11:00:09.037923][info][119638][SensorBase.cpp:405] [CP0F4630001M] Color Streaming... frameRate=29.964043fps
[09/02 11:00:13.563786][info][119626][VideoSensor.cpp:180] [CP0F4630001M] LeftIR backend frame callback, frameRate=29.970030fps
[09/02 11:00:13.563869][info][119628][VideoSensor.cpp:180] [CP0F4630001M] RightIR backend frame callback, frameRate=29.964043fps
[09/02 11:00:13.563887][info][119631][SensorBase.cpp:405] [CP0F4630001M] LeftIR Streaming... frameRate=29.964043fps
[09/02 11:00:13.563927][info][119632][SensorBase.cpp:405] [CP0F4630001M] RightIR Streaming... frameRate=29.964043fps
[09/02 11:00:13.564118][info][119624][VideoSensor.cpp:180] [CP0F4630001M] Depth backend frame callback, frameRate=29.964043fps
[09/02 11:00:13.602841][info][119633][SensorBase.cpp:405] [CP0F4630001M] Depth Streaming... frameRate=29.946098fps
[09/02 11:00:13.967827][info][119637][SensorBase.cpp:478] [CP0F4630001M] Accel Streaming... frameRate=199.362045fps
[09/02 11:00:14.007797][info][119637][SensorBase.cpp:478] [CP0F4630001M] Gyro Streaming... frameRate=199.362045fps
[09/02 11:00:14.009466][info][119622][VideoSensor.cpp:180] [CP0F4630001M] Color backend frame callback, frameRate=29.964043fps
[09/02 11:00:14.044036][info][119638][SensorBase.cpp:405] [CP0F4630001M] Color Streaming... frameRate=29.964043fps
[09/02 11:00:18.569772][info][119628][VideoSensor.cpp:180] [CP0F4630001M] RightIR backend frame callback, frameRate=29.970030fps
[09/02 11:00:18.569848][info][119626][VideoSensor.cpp:180] [CP0F4630001M] LeftIR backend frame callback, frameRate=29.964043fps
[09/02 11:00:18.569881][info][119632][SensorBase.cpp:405] [CP0F4630001M] RightIR Streaming... frameRate=29.970030fps
[09/02 11:00:18.569949][info][119631][SensorBase.cpp:405] [CP0F4630001M] LeftIR Streaming... frameRate=29.970030fps
[09/02 11:00:18.570145][info][119624][VideoSensor.cpp:180] [CP0F4630001M] Depth backend frame callback, frameRate=29.964043fps
[09/02 11:00:18.607604][info][119633][SensorBase.cpp:405] [CP0F4630001M] Depth Streaming... frameRate=29.970030fps
[09/02 11:00:18.975792][info][119637][SensorBase.cpp:478] [CP0F4630001M] Accel Streaming... frameRate=199.281158fps
[09/02 11:00:19.015306][info][119622][VideoSensor.cpp:180] [CP0F4630001M] Color backend frame callback, frameRate=29.964043fps
[09/02 11:00:19.016103][info][119637][SensorBase.cpp:478] [CP0F4630001M] Gyro Streaming... frameRate=199.241379fps
[09/02 11:00:19.052157][info][119638][SensorBase.cpp:405] [CP0F4630001M] Color Streaming... frameRate=29.952078fps
[09/02 11:00:23.575606][info][119628][VideoSensor.cpp:180] [CP0F4630001M] RightIR backend frame callback, frameRate=29.964043fps
[09/02 11:00:23.575727][info][119632][SensorBase.cpp:405] [CP0F4630001M] RightIR Streaming... frameRate=29.964043fps
[09/02 11:00:23.575749][info][119626][VideoSensor.cpp:180] [CP0F4630001M] LeftIR backend frame callback, frameRate=29.964043fps
[09/02 11:00:23.575932][info][119631][SensorBase.cpp:405] [CP0F4630001M] LeftIR Streaming... frameRate=29.964043fps
[09/02 11:00:23.576054][info][119624][VideoSensor.cpp:180] [CP0F4630001M] Depth backend frame callback, frameRate=29.970030fps
[09/02 11:00:23.612846][info][119633][SensorBase.cpp:405] [CP0F4630001M] Depth Streaming... frameRate=29.970030fps
[09/02 11:00:23.976196][info][119637][SensorBase.cpp:478] [CP0F4630001M] Accel Streaming... frameRate=199.560089fps
[09/02 11:00:24.021329][info][119622][VideoSensor.cpp:180] [CP0F4630001M] Color backend frame callback, frameRate=29.964043fps
[09/02 11:00:24.032155][info][119637][SensorBase.cpp:478] [CP0F4630001M] Gyro Streaming... frameRate=199.401794fps
[09/02 11:00:24.059306][info][119638][SensorBase.cpp:405] [CP0F4630001M] Color Streaming... frameRate=29.958059fps
[09/02 11:00:28.581390][info][119626][VideoSensor.cpp:180] [CP0F4630001M] LeftIR backend frame callback, frameRate=29.964043fps
[09/02 11:00:28.581452][info][119628][VideoSensor.cpp:180] [CP0F4630001M] RightIR backend frame callback, frameRate=29.964043fps
[09/02 11:00:28.581542][info][119631][SensorBase.cpp:405] [CP0F4630001M] LeftIR Streaming... frameRate=29.964043fps
[09/02 11:00:28.581583][info][119632][SensorBase.cpp:405] [CP0F4630001M] RightIR Streaming... frameRate=29.964043fps
[09/02 11:00:28.582004][info][119624][VideoSensor.cpp:180] [CP0F4630001M] Depth backend frame callback, frameRate=29.964043fps
[09/02 11:00:28.618678][info][119633][SensorBase.cpp:405] [CP0F4630001M] Depth Streaming... frameRate=29.964043fps
[09/02 11:00:28.984095][info][119637][SensorBase.cpp:478] [CP0F4630001M] Accel Streaming... frameRate=199.320953fps
[09/02 11:00:29.027054][info][119622][VideoSensor.cpp:180] [CP0F4630001M] Color backend frame callback, frameRate=29.970030fps
[09/02 11:00:29.048188][info][119637][SensorBase.cpp:478] [CP0F4630001M] Gyro Streaming... frameRate=199.362045fps
[09/02 11:00:29.063960][info][119638][SensorBase.cpp:405] [CP0F4630001M] Color Streaming... frameRate=29.976019fps
[09/02 11:00:33.587299][info][119628][VideoSensor.cpp:180] [CP0F4630001M] RightIR backend frame callback, frameRate=29.970030fps
[09/02 11:00:33.587369][info][119626][VideoSensor.cpp:180] [CP0F4630001M] LeftIR backend frame callback, frameRate=29.970030fps
[09/02 11:00:33.587395][info][119632][SensorBase.cpp:405] [CP0F4630001M] RightIR Streaming... frameRate=29.970030fps
[09/02 11:00:33.587518][info][119631][SensorBase.cpp:405] [CP0F4630001M] LeftIR Streaming... frameRate=29.964043fps
[09/02 11:00:33.587738][info][119624][VideoSensor.cpp:180] [CP0F4630001M] Depth backend frame callback, frameRate=29.964043fps
[09/02 11:00:33.625583][info][119633][SensorBase.cpp:405] [CP0F4630001M] Depth Streaming... frameRate=29.958059fps
[09/02 11:00:33.992384][info][119637][SensorBase.cpp:478] [CP0F4630001M] Accel Streaming... frameRate=199.281158fps
[09/02 11:00:34.032957][info][119622][VideoSensor.cpp:180] [CP0F4630001M] Color backend frame callback, frameRate=29.964043fps
[09/02 11:00:34.056379][info][119637][SensorBase.cpp:478] [CP0F4630001M] Gyro Streaming... frameRate=199.281158fps
[09/02 11:00:34.069782][info][119638][SensorBase.cpp:405] [CP0F4630001M] Color Streaming... frameRate=29.964043fps
[09/02 11:00:38.593172][info][119628][VideoSensor.cpp:180] [CP0F4630001M] RightIR backend frame callback, frameRate=29.964043fps
[09/02 11:00:38.593266][info][119626][VideoSensor.cpp:180] [CP0F4630001M] LeftIR backend frame callback, frameRate=29.964043fps
[09/02 11:00:38.593382][info][119632][SensorBase.cpp:405] [CP0F4630001M] RightIR Streaming... frameRate=29.964043fps
[09/02 11:00:38.593426][info][119631][SensorBase.cpp:405] [CP0F4630001M] LeftIR Streaming... frameRate=29.970030fps
[09/02 11:00:38.593714][info][119624][VideoSensor.cpp:180] [CP0F4630001M] Depth backend frame callback, frameRate=29.964043fps
[09/02 11:00:38.631814][info][119633][SensorBase.cpp:405] [CP0F4630001M] Depth Streaming... frameRate=29.964043fps
[09/02 11:00:39.000394][info][119637][SensorBase.cpp:478] [CP0F4630001M] Accel Streaming... frameRate=199.281158fps
[09/02 11:00:39.038720][info][119622][VideoSensor.cpp:180] [CP0F4630001M] Color backend frame callback, frameRate=29.964043fps
[09/02 11:00:39.072457][info][119637][SensorBase.cpp:478] [CP0F4630001M] Gyro Streaming... frameRate=199.362045fps
[09/02 11:00:39.073458][info][119638][SensorBase.cpp:405] [CP0F4630001M] Color Streaming... frameRate=29.982012fps
[09/02 11:00:43.599042][info][119628][VideoSensor.cpp:180] [CP0F4630001M] RightIR backend frame callback, frameRate=29.964043fps
[09/02 11:00:43.599136][info][119626][VideoSensor.cpp:180] [CP0F4630001M] LeftIR backend frame callback, frameRate=29.964043fps
[09/02 11:00:43.599168][info][119632][SensorBase.cpp:405] [CP0F4630001M] RightIR Streaming... frameRate=29.964043fps
[09/02 11:00:43.599257][info][119631][SensorBase.cpp:405] [CP0F4630001M] LeftIR Streaming... frameRate=29.964043fps
[09/02 11:00:43.599478][info][119624][VideoSensor.cpp:180] [CP0F4630001M] Depth backend frame callback, frameRate=29.970030fps
[09/02 11:00:43.637701][info][119633][SensorBase.cpp:405] [CP0F4630001M] Depth Streaming... frameRate=29.970030fps
[09/02 11:00:44.008526][info][119637][SensorBase.cpp:478] [CP0F4630001M] Accel Streaming... frameRate=199.281158fps
[09/02 11:00:44.044701][info][119622][VideoSensor.cpp:180] [CP0F4630001M] Color backend frame callback, frameRate=29.970030fps
[09/02 11:00:44.079327][info][119638][SensorBase.cpp:405] [CP0F4630001M] Color Streaming... frameRate=29.964043fps
[09/02 11:00:44.080635][info][119637][SensorBase.cpp:478] [CP0F4630001M] Gyro Streaming... frameRate=199.281158fps
[09/02 11:00:48.604901][info][119628][VideoSensor.cpp:180] [CP0F4630001M] RightIR backend frame callback, frameRate=29.970030fps
[09/02 11:00:48.604992][info][119626][VideoSensor.cpp:180] [CP0F4630001M] LeftIR backend frame callback, frameRate=29.964043fps
[09/02 11:00:48.605018][info][119632][SensorBase.cpp:405] [CP0F4630001M] RightIR Streaming... frameRate=29.964043fps
[09/02 11:00:48.605090][info][119631][SensorBase.cpp:405] [CP0F4630001M] LeftIR Streaming... frameRate=29.964043fps
[09/02 11:00:48.605347][info][119624][VideoSensor.cpp:180] [CP0F4630001M] Depth backend frame callback, frameRate=29.964043fps
[09/02 11:00:48.643735][info][119633][SensorBase.cpp:405] [CP0F4630001M] Depth Streaming... frameRate=29.964043fps
[09/02 11:00:49.016722][info][119637][SensorBase.cpp:478] [CP0F4630001M] Accel Streaming... frameRate=199.281158fps
[09/02 11:00:49.050462][info][119622][VideoSensor.cpp:180] [CP0F4630001M] Color backend frame callback, frameRate=29.964043fps
[09/02 11:00:49.085202][info][119638][SensorBase.cpp:405] [CP0F4630001M] Color Streaming... frameRate=29.964043fps
[09/02 11:00:49.096699][info][119637][SensorBase.cpp:478] [CP0F4630001M] Gyro Streaming... frameRate=199.362045fps
[09/02 11:00:53.610741][info][119626][VideoSensor.cpp:180] [CP0F4630001M] LeftIR backend frame callback, frameRate=29.970030fps
[09/02 11:00:53.610846][info][119628][VideoSensor.cpp:180] [CP0F4630001M] RightIR backend frame callback, frameRate=29.964043fps
[09/02 11:00:53.610869][info][119631][SensorBase.cpp:405] [CP0F4630001M] LeftIR Streaming... frameRate=29.970030fps
[09/02 11:00:53.611037][info][119632][SensorBase.cpp:405] [CP0F4630001M] RightIR Streaming... frameRate=29.970030fps
[09/02 11:00:53.611295][info][119624][VideoSensor.cpp:180] [CP0F4630001M] Depth backend frame callback, frameRate=29.964043fps
[09/02 11:00:53.649752][info][119633][SensorBase.cpp:405] [CP0F4630001M] Depth Streaming... frameRate=29.964043fps
[09/02 11:00:54.032998][info][119637][SensorBase.cpp:478] [CP0F4630001M] Accel Streaming... frameRate=199.362045fps
[09/02 11:00:54.056335][info][119622][VideoSensor.cpp:180] [CP0F4630001M] Color backend frame callback, frameRate=29.964043fps
[09/02 11:00:54.091273][info][119638][SensorBase.cpp:405] [CP0F4630001M] Color Streaming... frameRate=29.964043fps
[09/02 11:00:54.112910][info][119637][SensorBase.cpp:478] [CP0F4630001M] Gyro Streaming... frameRate=199.362045fps
[09/02 11:00:58.616745][info][119628][VideoSensor.cpp:180] [CP0F4630001M] RightIR backend frame callback, frameRate=29.964043fps
[09/02 11:00:58.616877][info][119626][VideoSensor.cpp:180] [CP0F4630001M] LeftIR backend frame callback, frameRate=29.964043fps
[09/02 11:00:58.616964][info][119632][SensorBase.cpp:405] [CP0F4630001M] RightIR Streaming... frameRate=29.964043fps
[09/02 11:00:58.616993][info][119631][SensorBase.cpp:405] [CP0F4630001M] LeftIR Streaming... frameRate=29.964043fps
[09/02 11:00:58.617194][info][119624][VideoSensor.cpp:180] [CP0F4630001M] Depth backend frame callback, frameRate=29.970030fps
[09/02 11:00:58.655606][info][119633][SensorBase.cpp:405] [CP0F4630001M] Depth Streaming... frameRate=29.964043fps
[09/02 11:00:59.041153][info][119637][SensorBase.cpp:478] [CP0F4630001M] Accel Streaming... frameRate=199.281158fps
[09/02 11:00:59.062212][info][119622][VideoSensor.cpp:180] [CP0F4630001M] Color backend frame callback, frameRate=29.970030fps
[09/02 11:00:59.096870][info][119638][SensorBase.cpp:405] [CP0F4630001M] Color Streaming... frameRate=29.970030fps
[09/02 11:00:59.121135][info][119637][SensorBase.cpp:478] [CP0F4630001M] Gyro Streaming... frameRate=199.281158fps
[09/02 11:01:03.622517][info][119626][VideoSensor.cpp:180] [CP0F4630001M] LeftIR backend frame callback, frameRate=29.964043fps
[09/02 11:01:03.622633][info][119628][VideoSensor.cpp:180] [CP0F4630001M] RightIR backend frame callback, frameRate=29.964043fps
[09/02 11:01:03.622791][info][119631][SensorBase.cpp:405] [CP0F4630001M] LeftIR Streaming... frameRate=29.964043fps
[09/02 11:01:03.622839][info][119632][SensorBase.cpp:405] [CP0F4630001M] RightIR Streaming... frameRate=29.964043fps
[09/02 11:01:03.623001][info][119624][VideoSensor.cpp:180] [CP0F4630001M] Depth backend frame callback, frameRate=29.964043fps
[09/02 11:01:03.661381][info][119633][SensorBase.cpp:405] [CP0F4630001M] Depth Streaming... frameRate=29.964043fps
[09/02 11:01:04.057266][info][119637][SensorBase.cpp:478] [CP0F4630001M] Accel Streaming... frameRate=199.362045fps
[09/02 11:01:04.068058][info][119622][VideoSensor.cpp:180] [CP0F4630001M] Color backend frame callback, frameRate=29.964043fps
[09/02 11:01:04.102735][info][119638][SensorBase.cpp:405] [CP0F4630001M] Color Streaming... frameRate=29.964043fps
[09/02 11:01:04.137281][info][119637][SensorBase.cpp:478] [CP0F4630001M] Gyro Streaming... frameRate=199.362045fps
[09/02 11:01:08.628306][info][119626][VideoSensor.cpp:180] [CP0F4630001M] LeftIR backend frame callback, frameRate=29.970030fps
[09/02 11:01:08.628390][info][119631][SensorBase.cpp:405] [CP0F4630001M] LeftIR Streaming... frameRate=29.970030fps
[09/02 11:01:08.628544][info][119628][VideoSensor.cpp:180] [CP0F4630001M] RightIR backend frame callback, frameRate=29.964043fps
[09/02 11:01:08.628727][info][119632][SensorBase.cpp:405] [CP0F4630001M] RightIR Streaming... frameRate=29.964043fps
[09/02 11:01:08.629176][info][119624][VideoSensor.cpp:180] [CP0F4630001M] Depth backend frame callback, frameRate=29.964043fps
[09/02 11:01:08.668833][info][119633][SensorBase.cpp:405] [CP0F4630001M] Depth Streaming... frameRate=29.958059fps
[09/02 11:01:09.073390][info][119637][SensorBase.cpp:478] [CP0F4630001M] Accel Streaming... frameRate=199.362045fps
[09/02 11:01:09.073939][info][119622][VideoSensor.cpp:180] [CP0F4630001M] Color backend frame callback, frameRate=29.964043fps
[09/02 11:01:09.108671][info][119638][SensorBase.cpp:405] [CP0F4630001M] Color Streaming... frameRate=29.964043fps
[09/02 11:01:09.153398][info][119637][SensorBase.cpp:478] [CP0F4630001M] Gyro Streaming... frameRate=199.362045fps
[09/02 11:01:13.634216][info][119626][VideoSensor.cpp:180] [CP0F4630001M] LeftIR backend frame callback, frameRate=29.964043fps
[09/02 11:01:13.634297][info][119628][VideoSensor.cpp:180] [CP0F4630001M] RightIR backend frame callback, frameRate=29.970030fps
[09/02 11:01:13.634371][info][119631][SensorBase.cpp:405] [CP0F4630001M] LeftIR Streaming... frameRate=29.964043fps
[09/02 11:01:13.634403][info][119632][SensorBase.cpp:405] [CP0F4630001M] RightIR Streaming... frameRate=29.970030fps
[09/02 11:01:13.634719][info][119624][VideoSensor.cpp:180] [CP0F4630001M] Depth backend frame callback, frameRate=29.964043fps
[09/02 11:01:13.673115][info][119633][SensorBase.cpp:405] [CP0F4630001M] Depth Streaming... frameRate=29.976019fps
[09/02 11:01:14.079856][info][119622][VideoSensor.cpp:180] [CP0F4630001M] Color backend frame callback, frameRate=29.964043fps
[09/02 11:01:14.081497][info][119637][SensorBase.cpp:478] [CP0F4630001M] Accel Streaming... frameRate=199.281158fps
[09/02 11:01:14.114514][info][119638][SensorBase.cpp:405] [CP0F4630001M] Color Streaming... frameRate=29.970030fps
[09/02 11:01:14.161460][info][119637][SensorBase.cpp:478] [CP0F4630001M] Gyro Streaming... frameRate=199.281158fps
[09/02 11:01:18.640405][info][119626][VideoSensor.cpp:180] [CP0F4630001M] LeftIR backend frame callback, frameRate=29.964043fps
[09/02 11:01:18.640500][info][119628][VideoSensor.cpp:180] [CP0F4630001M] RightIR backend frame callback, frameRate=29.964043fps
[09/02 11:01:18.640584][info][119624][VideoSensor.cpp:180] [CP0F4630001M] Depth backend frame callback, frameRate=29.970030fps
[09/02 11:01:18.640670][info][119631][SensorBase.cpp:405] [CP0F4630001M] LeftIR Streaming... frameRate=29.964043fps
[09/02 11:01:18.640707][info][119632][SensorBase.cpp:405] [CP0F4630001M] RightIR Streaming... frameRate=29.964043fps
[09/02 11:01:18.679380][info][119633][SensorBase.cpp:405] [CP0F4630001M] Depth Streaming... frameRate=29.964043fps
[09/02 11:01:19.085759][info][119622][VideoSensor.cpp:180] [CP0F4630001M] Color backend frame callback, frameRate=29.970030fps
[09/02 11:01:19.097622][info][119637][SensorBase.cpp:478] [CP0F4630001M] Accel Streaming... frameRate=199.362045fps
[09/02 11:01:19.120354][info][119638][SensorBase.cpp:405] [CP0F4630001M] Color Streaming... frameRate=29.964043fps
[09/02 11:01:19.177647][info][119637][SensorBase.cpp:478] [CP0F4630001M] Gyro Streaming... frameRate=199.362045fps
[09/02 11:01:23.645943][info][119626][VideoSensor.cpp:180] [CP0F4630001M] LeftIR backend frame callback, frameRate=29.970030fps
[09/02 11:01:23.646036][info][119628][VideoSensor.cpp:180] [CP0F4630001M] RightIR backend frame callback, frameRate=29.964043fps
[09/02 11:01:23.646050][info][119631][SensorBase.cpp:405] [CP0F4630001M] LeftIR Streaming... frameRate=29.964043fps
[09/02 11:01:23.646160][info][119632][SensorBase.cpp:405] [CP0F4630001M] RightIR Streaming... frameRate=29.964043fps
[09/02 11:01:23.646389][info][119624][VideoSensor.cpp:180] [CP0F4630001M] Depth backend frame callback, frameRate=29.964043fps
[09/02 11:01:23.684852][info][119633][SensorBase.cpp:405] [CP0F4630001M] Depth Streaming... frameRate=29.970030fps
[09/02 11:01:24.091538][info][119622][VideoSensor.cpp:180] [CP0F4630001M] Color backend frame callback, frameRate=29.964043fps
[09/02 11:01:24.113891][info][119637][SensorBase.cpp:478] [CP0F4630001M] Accel Streaming... frameRate=199.362045fps
[09/02 11:01:24.126215][info][119638][SensorBase.cpp:405] [CP0F4630001M] Color Streaming... frameRate=29.964043fps
[09/02 11:01:24.185865][info][119637][SensorBase.cpp:478] [CP0F4630001M] Gyro Streaming... frameRate=199.281158fps
[09/02 11:01:28.651794][info][119626][VideoSensor.cpp:180] [CP0F4630001M] LeftIR backend frame callback, frameRate=29.964043fps
[09/02 11:01:28.651869][info][119628][VideoSensor.cpp:180] [CP0F4630001M] RightIR backend frame callback, frameRate=29.970030fps
[09/02 11:01:28.651935][info][119631][SensorBase.cpp:405] [CP0F4630001M] LeftIR Streaming... frameRate=29.970030fps
[09/02 11:01:28.652018][info][119632][SensorBase.cpp:405] [CP0F4630001M] RightIR Streaming... frameRate=29.970030fps
[09/02 11:01:28.652278][info][119624][VideoSensor.cpp:180] [CP0F4630001M] Depth backend frame callback, frameRate=29.964043fps
[09/02 11:01:28.688970][info][119633][SensorBase.cpp:405] [CP0F4630001M] Depth Streaming... frameRate=29.976019fps
[09/02 11:01:29.097320][info][119622][VideoSensor.cpp:180] [CP0F4630001M] Color backend frame callback, frameRate=29.964043fps
[09/02 11:01:29.121954][info][119637][SensorBase.cpp:478] [CP0F4630001M] Accel Streaming... frameRate=199.281158fps
[09/02 11:01:29.131733][info][119638][SensorBase.cpp:405] [CP0F4630001M] Color Streaming... frameRate=29.970030fps
[09/02 11:01:29.201972][info][119637][SensorBase.cpp:478] [CP0F4630001M] Gyro Streaming... frameRate=199.362045fps
[09/02 11:01:33.657717][info][119628][VideoSensor.cpp:180] [CP0F4630001M] RightIR backend frame callback, frameRate=29.964043fps
[09/02 11:01:33.657842][info][119626][VideoSensor.cpp:180] [CP0F4630001M] LeftIR backend frame callback, frameRate=29.964043fps
[09/02 11:01:33.657904][info][119632][SensorBase.cpp:405] [CP0F4630001M] RightIR Streaming... frameRate=29.964043fps
[09/02 11:01:33.658019][info][119631][SensorBase.cpp:405] [CP0F4630001M] LeftIR Streaming... frameRate=29.964043fps
[09/02 11:01:33.658172][info][119624][VideoSensor.cpp:180] [CP0F4630001M] Depth backend frame callback, frameRate=29.970030fps
[09/02 11:01:33.695496][info][119633][SensorBase.cpp:405] [CP0F4630001M] Depth Streaming... frameRate=29.958059fps
[09/02 11:01:34.103269][info][119622][VideoSensor.cpp:180] [CP0F4630001M] Color backend frame callback, frameRate=29.970030fps
[09/02 11:01:34.138003][info][119638][SensorBase.cpp:405] [CP0F4630001M] Color Streaming... frameRate=29.964043fps
[09/02 11:01:34.138281][info][119637][SensorBase.cpp:478] [CP0F4630001M] Accel Streaming... frameRate=199.362045fps
[09/02 11:01:34.218285][info][119637][SensorBase.cpp:478] [CP0F4630001M] Gyro Streaming... frameRate=199.362045fps
[09/02 11:01:38.663571][info][119628][VideoSensor.cpp:180] [CP0F4630001M] RightIR backend frame callback, frameRate=29.964043fps
[09/02 11:01:38.663666][info][119632][SensorBase.cpp:405] [CP0F4630001M] RightIR Streaming... frameRate=29.964043fps
[09/02 11:01:38.663764][info][119626][VideoSensor.cpp:180] [CP0F4630001M] LeftIR backend frame callback, frameRate=29.964043fps
[09/02 11:01:38.663910][info][119631][SensorBase.cpp:405] [CP0F4630001M] LeftIR Streaming... frameRate=29.964043fps
[09/02 11:01:38.664162][info][119624][VideoSensor.cpp:180] [CP0F4630001M] Depth backend frame callback, frameRate=29.964043fps
[09/02 11:01:38.699452][info][119633][SensorBase.cpp:405] [CP0F4630001M] Depth Streaming... frameRate=29.976019fps
[09/02 11:01:39.109111][info][119622][VideoSensor.cpp:180] [CP0F4630001M] Color backend frame callback, frameRate=29.964043fps
[09/02 11:01:39.143757][info][119638][SensorBase.cpp:405] [CP0F4630001M] Color Streaming... frameRate=29.964043fps
[09/02 11:01:39.146433][info][119637][SensorBase.cpp:478] [CP0F4630001M] Accel Streaming... frameRate=199.281158fps
[09/02 11:01:39.226427][info][119637][SensorBase.cpp:478] [CP0F4630001M] Gyro Streaming... frameRate=199.281158fps
[09/02 11:01:43.669376][info][119626][VideoSensor.cpp:180] [CP0F4630001M] LeftIR backend frame callback, frameRate=29.970030fps
[09/02 11:01:43.669462][info][119628][VideoSensor.cpp:180] [CP0F4630001M] RightIR backend frame callback, frameRate=29.970030fps
[09/02 11:01:43.669482][info][119631][SensorBase.cpp:405] [CP0F4630001M] LeftIR Streaming... frameRate=29.970030fps
[09/02 11:01:43.669569][info][119632][SensorBase.cpp:405] [CP0F4630001M] RightIR Streaming... frameRate=29.970030fps
[09/02 11:01:43.669893][info][119624][VideoSensor.cpp:180] [CP0F4630001M] Depth backend frame callback, frameRate=29.964043fps
[09/02 11:01:43.706166][info][119633][SensorBase.cpp:405] [CP0F4630001M] Depth Streaming... frameRate=29.964043fps
[09/02 11:01:44.115019][info][119622][VideoSensor.cpp:180] [CP0F4630001M] Color backend frame callback, frameRate=29.964043fps
[09/02 11:01:44.149630][info][119638][SensorBase.cpp:405] [CP0F4630001M] Color Streaming... frameRate=29.964043fps
[09/02 11:01:44.162476][info][119637][SensorBase.cpp:478] [CP0F4630001M] Accel Streaming... frameRate=199.362045fps
[09/02 11:01:44.242494][info][119637][SensorBase.cpp:478] [CP0F4630001M] Gyro Streaming... frameRate=199.362045fps
[09/02 11:01:48.675364][info][119626][VideoSensor.cpp:180] [CP0F4630001M] LeftIR backend frame callback, frameRate=29.964043fps
[09/02 11:01:48.675471][info][119628][VideoSensor.cpp:180] [CP0F4630001M] RightIR backend frame callback, frameRate=29.964043fps
[09/02 11:01:48.675600][info][119631][SensorBase.cpp:405] [CP0F4630001M] LeftIR Streaming... frameRate=29.964043fps
[09/02 11:01:48.675658][info][119632][SensorBase.cpp:405] [CP0F4630001M] RightIR Streaming... frameRate=29.964043fps
[09/02 11:01:48.675889][info][119624][VideoSensor.cpp:180] [CP0F4630001M] Depth backend frame callback, frameRate=29.964043fps
[09/02 11:01:48.713791][info][119633][SensorBase.cpp:405] [CP0F4630001M] Depth Streaming... frameRate=29.952078fps
[09/02 11:01:49.120941][info][119622][VideoSensor.cpp:180] [CP0F4630001M] Color backend frame callback, frameRate=29.964043fps
[09/02 11:01:49.155678][info][119638][SensorBase.cpp:405] [CP0F4630001M] Color Streaming... frameRate=29.970030fps
[09/02 11:01:49.178614][info][119637][SensorBase.cpp:478] [CP0F4630001M] Accel Streaming... frameRate=199.362045fps
[09/02 11:01:49.250658][info][119637][SensorBase.cpp:478] [CP0F4630001M] Gyro Streaming... frameRate=199.281158fps
[09/02 11:01:53.681211][info][119626][VideoSensor.cpp:180] [CP0F4630001M] LeftIR backend frame callback, frameRate=29.964043fps
[09/02 11:01:53.681365][info][119628][VideoSensor.cpp:180] [CP0F4630001M] RightIR backend frame callback, frameRate=29.964043fps
[09/02 11:01:53.681393][info][119631][SensorBase.cpp:405] [CP0F4630001M] LeftIR Streaming... frameRate=29.964043fps
[09/02 11:01:53.681602][info][119632][SensorBase.cpp:405] [CP0F4630001M] RightIR Streaming... frameRate=29.964043fps
[09/02 11:01:53.681722][info][119624][VideoSensor.cpp:180] [CP0F4630001M] Depth backend frame callback, frameRate=29.970030fps
[09/02 11:01:53.720013][info][119633][SensorBase.cpp:405] [CP0F4630001M] Depth Streaming... frameRate=29.964043fps
[09/02 11:01:54.126725][info][119622][VideoSensor.cpp:180] [CP0F4630001M] Color backend frame callback, frameRate=29.970030fps
[09/02 11:01:54.161357][info][119638][SensorBase.cpp:405] [CP0F4630001M] Color Streaming... frameRate=29.964043fps
[09/02 11:01:54.186762][info][119637][SensorBase.cpp:478] [CP0F4630001M] Accel Streaming... frameRate=199.281158fps
[09/02 11:01:54.266767][info][119637][SensorBase.cpp:478] [CP0F4630001M] Gyro Streaming... frameRate=199.362045fps
[09/02 11:01:58.687058][info][119628][VideoSensor.cpp:180] [CP0F4630001M] RightIR backend frame callback, frameRate=29.970030fps
[09/02 11:01:58.687176][info][119632][SensorBase.cpp:405] [CP0F4630001M] RightIR Streaming... frameRate=29.964043fps
[09/02 11:01:58.687198][info][119626][VideoSensor.cpp:180] [CP0F4630001M] LeftIR backend frame callback, frameRate=29.964043fps
[09/02 11:01:58.687355][info][119631][SensorBase.cpp:405] [CP0F4630001M] LeftIR Streaming... frameRate=29.964043fps
[09/02 11:01:58.687538][info][119624][VideoSensor.cpp:180] [CP0F4630001M] Depth backend frame callback, frameRate=29.964043fps
[09/02 11:01:58.726013][info][119633][SensorBase.cpp:405] [CP0F4630001M] Depth Streaming... frameRate=29.970030fps
[09/02 11:01:59.132619][info][119622][VideoSensor.cpp:180] [CP0F4630001M] Color backend frame callback, frameRate=29.964043fps
[09/02 11:01:59.167282][info][119638][SensorBase.cpp:405] [CP0F4630001M] Color Streaming... frameRate=29.964043fps
[09/02 11:01:59.202959][info][119637][SensorBase.cpp:478] [CP0F4630001M] Accel Streaming... frameRate=199.362045fps
[09/02 11:01:59.282918][info][119637][SensorBase.cpp:478] [CP0F4630001M] Gyro Streaming... frameRate=199.362045fps
[09/02 11:02:03.692907][info][119628][VideoSensor.cpp:180] [CP0F4630001M] RightIR backend frame callback, frameRate=29.964043fps
[09/02 11:02:03.692976][info][119626][VideoSensor.cpp:180] [CP0F4630001M] LeftIR backend frame callback, frameRate=29.970030fps
[09/02 11:02:03.693008][info][119632][SensorBase.cpp:405] [CP0F4630001M] RightIR Streaming... frameRate=29.970030fps
[09/02 11:02:03.693053][info][119631][SensorBase.cpp:405] [CP0F4630001M] LeftIR Streaming... frameRate=29.970030fps
[09/02 11:02:03.693333][info][119624][VideoSensor.cpp:180] [CP0F4630001M] Depth backend frame callback, frameRate=29.964043fps
[09/02 11:02:03.731853][info][119633][SensorBase.cpp:405] [CP0F4630001M] Depth Streaming... frameRate=29.964043fps
[09/02 11:02:04.138491][info][119622][VideoSensor.cpp:180] [CP0F4630001M] Color backend frame callback, frameRate=29.964043fps
[09/02 11:02:04.173182][info][119638][SensorBase.cpp:405] [CP0F4630001M] Color Streaming... frameRate=29.970030fps
[09/02 11:02:04.211192][info][119637][SensorBase.cpp:478] [CP0F4630001M] Accel Streaming... frameRate=199.281158fps
[09/02 11:02:04.291200][info][119637][SensorBase.cpp:478] [CP0F4630001M] Gyro Streaming... frameRate=199.281158fps
[09/02 11:02:08.698753][info][119626][VideoSensor.cpp:180] [CP0F4630001M] LeftIR backend frame callback, frameRate=29.964043fps
[09/02 11:02:08.698829][info][119628][VideoSensor.cpp:180] [CP0F4630001M] RightIR backend frame callback, frameRate=29.964043fps
[09/02 11:02:08.698875][info][119631][SensorBase.cpp:405] [CP0F4630001M] LeftIR Streaming... frameRate=29.964043fps
[09/02 11:02:08.699041][info][119632][SensorBase.cpp:405] [CP0F4630001M] RightIR Streaming... frameRate=29.964043fps
[09/02 11:02:08.699318][info][119624][VideoSensor.cpp:180] [CP0F4630001M] Depth backend frame callback, frameRate=29.970030fps
[09/02 11:02:08.737611][info][119633][SensorBase.cpp:405] [CP0F4630001M] Depth Streaming... frameRate=29.964043fps
[09/02 11:02:09.144425][info][119622][VideoSensor.cpp:180] [CP0F4630001M] Color backend frame callback, frameRate=29.964043fps
[09/02 11:02:09.179060][info][119638][SensorBase.cpp:405] [CP0F4630001M] Color Streaming... frameRate=29.964043fps
[09/02 11:02:09.227365][info][119637][SensorBase.cpp:478] [CP0F4630001M] Accel Streaming... frameRate=199.362045fps
[09/02 11:02:09.291405][info][119637][SensorBase.cpp:478] [CP0F4630001M] Gyro Streaming... frameRate=199.760056fps
[09/02 11:02:13.704640][info][119626][VideoSensor.cpp:180] [CP0F4630001M] LeftIR backend frame callback, frameRate=29.964043fps
[09/02 11:02:13.704723][info][119628][VideoSensor.cpp:180] [CP0F4630001M] RightIR backend frame callback, frameRate=29.964043fps
[09/02 11:02:13.704768][info][119631][SensorBase.cpp:405] [CP0F4630001M] LeftIR Streaming... frameRate=29.964043fps
[09/02 11:02:13.704875][info][119632][SensorBase.cpp:405] [CP0F4630001M] RightIR Streaming... frameRate=29.964043fps
[09/02 11:02:13.705150][info][119624][VideoSensor.cpp:180] [CP0F4630001M] Depth backend frame callback, frameRate=29.964043fps
[09/02 11:02:13.743590][info][119633][SensorBase.cpp:405] [CP0F4630001M] Depth Streaming... frameRate=29.964043fps
[09/02 11:02:14.150218][info][119622][VideoSensor.cpp:180] [CP0F4630001M] Color backend frame callback, frameRate=29.970030fps
[09/02 11:02:14.184823][info][119638][SensorBase.cpp:405] [CP0F4630001M] Color Streaming... frameRate=29.964043fps
[09/02 11:02:14.235448][info][119637][SensorBase.cpp:478] [CP0F4630001M] Accel Streaming... frameRate=199.281158fps
[09/02 11:02:14.299406][info][119637][SensorBase.cpp:478] [CP0F4630001M] Gyro Streaming... frameRate=199.121231fps
[09/02 11:02:18.710496][info][119626][VideoSensor.cpp:180] [CP0F4630001M] LeftIR backend frame callback, frameRate=29.970030fps
[09/02 11:02:18.710636][info][119631][SensorBase.cpp:405] [CP0F4630001M] LeftIR Streaming... frameRate=29.970030fps
[09/02 11:02:18.710643][info][119628][VideoSensor.cpp:180] [CP0F4630001M] RightIR backend frame callback, frameRate=29.970030fps
[09/02 11:02:18.710827][info][119632][SensorBase.cpp:405] [CP0F4630001M] RightIR Streaming... frameRate=29.964043fps
[09/02 11:02:18.711100][info][119624][VideoSensor.cpp:180] [CP0F4630001M] Depth backend frame callback, frameRate=29.964043fps
[09/02 11:02:18.749412][info][119633][SensorBase.cpp:405] [CP0F4630001M] Depth Streaming... frameRate=29.970030fps
[09/02 11:02:19.156095][info][119622][VideoSensor.cpp:180] [CP0F4630001M] Color backend frame callback, frameRate=29.964043fps
[09/02 11:02:19.190857][info][119638][SensorBase.cpp:405] [CP0F4630001M] Color Streaming... frameRate=29.964043fps
[09/02 11:02:19.251467][info][119637][SensorBase.cpp:478] [CP0F4630001M] Accel Streaming... frameRate=199.362045fps
[09/02 11:02:19.307468][info][119637][SensorBase.cpp:478] [CP0F4630001M] Gyro Streaming... frameRate=199.281158fps
[09/02 11:02:23.716370][info][119626][VideoSensor.cpp:180] [CP0F4630001M] LeftIR backend frame callback, frameRate=29.964043fps
[09/02 11:02:23.716447][info][119628][VideoSensor.cpp:180] [CP0F4630001M] RightIR backend frame callback, frameRate=29.964043fps
[09/02 11:02:23.716481][info][119631][SensorBase.cpp:405] [CP0F4630001M] LeftIR Streaming... frameRate=29.964043fps
[09/02 11:02:23.716567][info][119632][SensorBase.cpp:405] [CP0F4630001M] RightIR Streaming... frameRate=29.970030fps
[09/02 11:02:23.717040][info][119624][VideoSensor.cpp:180] [CP0F4630001M] Depth backend frame callback, frameRate=29.964043fps
[09/02 11:02:23.755315][info][119633][SensorBase.cpp:405] [CP0F4630001M] Depth Streaming... frameRate=29.964043fps
[09/02 11:02:24.161938][info][119622][VideoSensor.cpp:180] [CP0F4630001M] Color backend frame callback, frameRate=29.964043fps
[09/02 11:02:24.196531][info][119638][SensorBase.cpp:405] [CP0F4630001M] Color Streaming... frameRate=29.970030fps
[09/02 11:02:24.267741][info][119637][SensorBase.cpp:478] [CP0F4630001M] Accel Streaming... frameRate=199.362045fps
[09/02 11:02:24.307891][info][119637][SensorBase.cpp:478] [CP0F4630001M] Gyro Streaming... frameRate=199.360138fps
[09/02 11:02:28.722257][info][119626][VideoSensor.cpp:180] [CP0F4630001M] LeftIR backend frame callback, frameRate=29.964043fps
[09/02 11:02:28.722340][info][119628][VideoSensor.cpp:180] [CP0F4630001M] RightIR backend frame callback, frameRate=29.964043fps
[09/02 11:02:28.722400][info][119631][SensorBase.cpp:405] [CP0F4630001M] LeftIR Streaming... frameRate=29.964043fps
[09/02 11:02:28.722446][info][119632][SensorBase.cpp:405] [CP0F4630001M] RightIR Streaming... frameRate=29.964043fps
[09/02 11:02:28.722770][info][119624][VideoSensor.cpp:180] [CP0F4630001M] Depth backend frame callback, frameRate=29.970030fps
[09/02 11:02:28.761198][info][119633][SensorBase.cpp:405] [CP0F4630001M] Depth Streaming... frameRate=29.964043fps
[09/02 11:02:29.167840][info][119622][VideoSensor.cpp:180] [CP0F4630001M] Color backend frame callback, frameRate=29.970030fps
[09/02 11:02:29.202572][info][119638][SensorBase.cpp:405] [CP0F4630001M] Color Streaming... frameRate=29.964043fps
[09/02 11:02:29.275999][info][119637][SensorBase.cpp:478] [CP0F4630001M] Accel Streaming... frameRate=199.281158fps
[09/02 11:02:29.316003][info][119637][SensorBase.cpp:478] [CP0F4630001M] Gyro Streaming... frameRate=199.121231fps
[09/02 11:02:33.728118][info][119626][VideoSensor.cpp:180] [CP0F4630001M] LeftIR backend frame callback, frameRate=29.970030fps
[09/02 11:02:33.728246][info][119631][SensorBase.cpp:405] [CP0F4630001M] LeftIR Streaming... frameRate=29.964043fps
[09/02 11:02:33.728248][info][119628][VideoSensor.cpp:180] [CP0F4630001M] RightIR backend frame callback, frameRate=29.964043fps
[09/02 11:02:33.728329][info][119632][SensorBase.cpp:405] [CP0F4630001M] RightIR Streaming... frameRate=29.964043fps
[09/02 11:02:33.728725][info][119624][VideoSensor.cpp:180] [CP0F4630001M] Depth backend frame callback, frameRate=29.964043fps
[09/02 11:02:33.766987][info][119633][SensorBase.cpp:405] [CP0F4630001M] Depth Streaming... frameRate=29.970030fps
[09/02 11:02:34.173801][info][119622][VideoSensor.cpp:180] [CP0F4630001M] Color backend frame callback, frameRate=29.964043fps
[09/02 11:02:34.208393][info][119638][SensorBase.cpp:405] [CP0F4630001M] Color Streaming... frameRate=29.964043fps
[09/02 11:02:34.292085][info][119637][SensorBase.cpp:478] [CP0F4630001M] Accel Streaming... frameRate=199.362045fps
[09/02 11:02:34.332104][info][119637][SensorBase.cpp:478] [CP0F4630001M] Gyro Streaming... frameRate=199.362045fps
[09/02 11:02:38.734001][info][119626][VideoSensor.cpp:180] [CP0F4630001M] LeftIR backend frame callback, frameRate=29.964043fps
[09/02 11:02:38.734077][info][119628][VideoSensor.cpp:180] [CP0F4630001M] RightIR backend frame callback, frameRate=29.970030fps
[09/02 11:02:38.734109][info][119631][SensorBase.cpp:405] [CP0F4630001M] LeftIR Streaming... frameRate=29.970030fps
[09/02 11:02:38.734153][info][119632][SensorBase.cpp:405] [CP0F4630001M] RightIR Streaming... frameRate=29.970030fps
[09/02 11:02:38.734513][info][119624][VideoSensor.cpp:180] [CP0F4630001M] Depth backend frame callback, frameRate=29.964043fps
[09/02 11:02:38.772975][info][119633][SensorBase.cpp:405] [CP0F4630001M] Depth Streaming... frameRate=29.964043fps
[09/02 11:02:39.179671][info][119622][VideoSensor.cpp:180] [CP0F4630001M] Color backend frame callback, frameRate=29.964043fps
[09/02 11:02:39.214334][info][119638][SensorBase.cpp:405] [CP0F4630001M] Color Streaming... frameRate=29.964043fps
[09/02 11:02:39.300264][info][119637][SensorBase.cpp:478] [CP0F4630001M] Accel Streaming... frameRate=199.281158fps
[09/02 11:02:39.340284][info][119637][SensorBase.cpp:478] [CP0F4630001M] Gyro Streaming... frameRate=199.281158fps
[09/02 11:02:43.739849][info][119626][VideoSensor.cpp:180] [CP0F4630001M] LeftIR backend frame callback, frameRate=29.964043fps
[09/02 11:02:43.739985][info][119631][SensorBase.cpp:405] [CP0F4630001M] LeftIR Streaming... frameRate=29.964043fps
[09/02 11:02:43.740006][info][119628][VideoSensor.cpp:180] [CP0F4630001M] RightIR backend frame callback, frameRate=29.964043fps
[09/02 11:02:43.740076][info][119632][SensorBase.cpp:405] [CP0F4630001M] RightIR Streaming... frameRate=29.964043fps
[09/02 11:02:43.740460][info][119624][VideoSensor.cpp:180] [CP0F4630001M] Depth backend frame callback, frameRate=29.970030fps
[09/02 11:02:43.778872][info][119633][SensorBase.cpp:405] [CP0F4630001M] Depth Streaming... frameRate=29.964043fps
[09/02 11:02:44.185507][info][119622][VideoSensor.cpp:180] [CP0F4630001M] Color backend frame callback, frameRate=29.964043fps
[09/02 11:02:44.220251][info][119638][SensorBase.cpp:405] [CP0F4630001M] Color Streaming... frameRate=29.970030fps
[09/02 11:02:44.316469][info][119637][SensorBase.cpp:478] [CP0F4630001M] Accel Streaming... frameRate=199.362045fps
[09/02 11:02:44.356479][info][119637][SensorBase.cpp:478] [CP0F4630001M] Gyro Streaming... frameRate=199.362045fps
[09/02 11:02:48.745714][info][119626][VideoSensor.cpp:180] [CP0F4630001M] LeftIR backend frame callback, frameRate=29.964043fps
[09/02 11:02:48.745806][info][119631][SensorBase.cpp:405] [CP0F4630001M] LeftIR Streaming... frameRate=29.964043fps
[09/02 11:02:48.745833][info][119628][VideoSensor.cpp:180] [CP0F4630001M] RightIR backend frame callback, frameRate=29.964043fps
[09/02 11:02:48.745916][info][119632][SensorBase.cpp:405] [CP0F4630001M] RightIR Streaming... frameRate=29.964043fps
[09/02 11:02:48.746244][info][119624][VideoSensor.cpp:180] [CP0F4630001M] Depth backend frame callback, frameRate=29.964043fps
[09/02 11:02:48.784532][info][119633][SensorBase.cpp:405] [CP0F4630001M] Depth Streaming... frameRate=29.970030fps
[09/02 11:02:49.191423][info][119622][VideoSensor.cpp:180] [CP0F4630001M] Color backend frame callback, frameRate=29.970030fps
[09/02 11:02:49.226024][info][119638][SensorBase.cpp:405] [CP0F4630001M] Color Streaming... frameRate=29.964043fps
[09/02 11:02:49.324516][info][119637][SensorBase.cpp:478] [CP0F4630001M] Accel Streaming... frameRate=199.281158fps
[09/02 11:02:49.364510][info][119637][SensorBase.cpp:478] [CP0F4630001M] Gyro Streaming... frameRate=199.281158fps
[09/02 11:02:53.751624][info][119626][VideoSensor.cpp:180] [CP0F4630001M] LeftIR backend frame callback, frameRate=29.970030fps
[09/02 11:02:53.751696][info][119628][VideoSensor.cpp:180] [CP0F4630001M] RightIR backend frame callback, frameRate=29.970030fps
[09/02 11:02:53.751715][info][119631][SensorBase.cpp:405] [CP0F4630001M] LeftIR Streaming... frameRate=29.970030fps
[09/02 11:02:53.751781][info][119632][SensorBase.cpp:405] [CP0F4630001M] RightIR Streaming... frameRate=29.970030fps
[09/02 11:02:53.752107][info][119624][VideoSensor.cpp:180] [CP0F4630001M] Depth backend frame callback, frameRate=29.964043fps
[09/02 11:02:53.790472][info][119633][SensorBase.cpp:405] [CP0F4630001M] Depth Streaming... frameRate=29.964043fps
[09/02 11:02:54.197258][info][119622][VideoSensor.cpp:180] [CP0F4630001M] Color backend frame callback, frameRate=29.964043fps
[09/02 11:02:54.231892][info][119638][SensorBase.cpp:405] [CP0F4630001M] Color Streaming... frameRate=29.964043fps
[09/02 11:02:54.340652][info][119637][SensorBase.cpp:478] [CP0F4630001M] Accel Streaming... frameRate=199.362045fps
[09/02 11:02:54.380579][info][119637][SensorBase.cpp:478] [CP0F4630001M] Gyro Streaming... frameRate=199.362045fps
[09/02 11:02:58.757495][info][119626][VideoSensor.cpp:180] [CP0F4630001M] LeftIR backend frame callback, frameRate=29.964043fps
[09/02 11:02:58.757581][info][119628][VideoSensor.cpp:180] [CP0F4630001M] RightIR backend frame callback, frameRate=29.964043fps
[09/02 11:02:58.757603][info][119631][SensorBase.cpp:405] [CP0F4630001M] LeftIR Streaming... frameRate=29.964043fps
[09/02 11:02:58.757682][info][119632][SensorBase.cpp:405] [CP0F4630001M] RightIR Streaming... frameRate=29.964043fps
[09/02 11:02:58.757984][info][119624][VideoSensor.cpp:180] [CP0F4630001M] Depth backend frame callback, frameRate=29.964043fps
[09/02 11:02:58.796101][info][119633][SensorBase.cpp:405] [CP0F4630001M] Depth Streaming... frameRate=29.964043fps
[09/02 11:02:59.203074][info][119622][VideoSensor.cpp:180] [CP0F4630001M] Color backend frame callback, frameRate=29.964043fps
[09/02 11:02:59.237745][info][119638][SensorBase.cpp:405] [CP0F4630001M] Color Streaming... frameRate=29.970030fps
[09/02 11:02:59.356742][info][119637][SensorBase.cpp:478] [CP0F4630001M] Accel Streaming... frameRate=199.362045fps
[09/02 11:02:59.396814][info][119637][SensorBase.cpp:478] [CP0F4630001M] Gyro Streaming... frameRate=199.362045fps
[09/02 11:03:03.763428][info][119626][VideoSensor.cpp:180] [CP0F4630001M] LeftIR backend frame callback, frameRate=29.964043fps
[09/02 11:03:03.763531][info][119631][SensorBase.cpp:405] [CP0F4630001M] LeftIR Streaming... frameRate=29.964043fps
[09/02 11:03:03.763598][info][119628][VideoSensor.cpp:180] [CP0F4630001M] RightIR backend frame callback, frameRate=29.964043fps
[09/02 11:03:03.763826][info][119632][SensorBase.cpp:405] [CP0F4630001M] RightIR Streaming... frameRate=29.964043fps
[09/02 11:03:03.763832][info][119624][VideoSensor.cpp:180] [CP0F4630001M] Depth backend frame callback, frameRate=29.970030fps
[09/02 11:03:03.802117][info][119633][SensorBase.cpp:405] [CP0F4630001M] Depth Streaming... frameRate=29.964043fps
[09/02 11:03:04.208953][info][119622][VideoSensor.cpp:180] [CP0F4630001M] Color backend frame callback, frameRate=29.970030fps
[09/02 11:03:04.243570][info][119638][SensorBase.cpp:405] [CP0F4630001M] Color Streaming... frameRate=29.964043fps
[09/02 11:03:04.364916][info][119637][SensorBase.cpp:478] [CP0F4630001M] Accel Streaming... frameRate=199.281158fps
[09/02 11:03:04.404924][info][119637][SensorBase.cpp:478] [CP0F4630001M] Gyro Streaming... frameRate=199.281158fps
[09/02 11:03:08.769353][info][119626][VideoSensor.cpp:180] [CP0F4630001M] LeftIR backend frame callback, frameRate=29.964043fps
[09/02 11:03:08.769437][info][119628][VideoSensor.cpp:180] [CP0F4630001M] RightIR backend frame callback, frameRate=29.964043fps
[09/02 11:03:08.769547][info][119631][SensorBase.cpp:405] [CP0F4630001M] LeftIR Streaming... frameRate=29.964043fps
[09/02 11:03:08.769608][info][119632][SensorBase.cpp:405] [CP0F4630001M] RightIR Streaming... frameRate=29.964043fps
[09/02 11:03:08.769745][info][119624][VideoSensor.cpp:180] [CP0F4630001M] Depth backend frame callback, frameRate=29.964043fps
[09/02 11:03:08.808083][info][119633][SensorBase.cpp:405] [CP0F4630001M] Depth Streaming... frameRate=29.970030fps
[09/02 11:03:09.214850][info][119622][VideoSensor.cpp:180] [CP0F4630001M] Color backend frame callback, frameRate=29.964043fps
[09/02 11:03:09.249534][info][119638][SensorBase.cpp:405] [CP0F4630001M] Color Streaming... frameRate=29.964043fps
[09/02 11:03:09.381061][info][119637][SensorBase.cpp:478] [CP0F4630001M] Accel Streaming... frameRate=199.362045fps
[09/02 11:03:09.421058][info][119637][SensorBase.cpp:478] [CP0F4630001M] Gyro Streaming... frameRate=199.362045fps
[09/02 11:03:13.775168][info][119628][VideoSensor.cpp:180] [CP0F4630001M] RightIR backend frame callback, frameRate=29.970030fps
[09/02 11:03:13.775245][info][119626][VideoSensor.cpp:180] [CP0F4630001M] LeftIR backend frame callback, frameRate=29.970030fps
[09/02 11:03:13.775277][info][119632][SensorBase.cpp:405] [CP0F4630001M] RightIR Streaming... frameRate=29.970030fps
[09/02 11:03:13.775341][info][119631][SensorBase.cpp:405] [CP0F4630001M] LeftIR Streaming... frameRate=29.970030fps
[09/02 11:03:13.775711][info][119624][VideoSensor.cpp:180] [CP0F4630001M] Depth backend frame callback, frameRate=29.964043fps
[09/02 11:03:13.813890][info][119633][SensorBase.cpp:405] [CP0F4630001M] Depth Streaming... frameRate=29.964043fps
[09/02 11:03:14.220646][info][119622][VideoSensor.cpp:180] [CP0F4630001M] Color backend frame callback, frameRate=29.964043fps
[09/02 11:03:14.255137][info][119638][SensorBase.cpp:405] [CP0F4630001M] Color Streaming... frameRate=29.970030fps
[09/02 11:03:14.389162][info][119637][SensorBase.cpp:478] [CP0F4630001M] Accel Streaming... frameRate=199.281158fps
[09/02 11:03:14.429159][info][119637][SensorBase.cpp:478] [CP0F4630001M] Gyro Streaming... frameRate=199.281158fps
[09/02 11:03:18.781085][info][119626][VideoSensor.cpp:180] [CP0F4630001M] LeftIR backend frame callback, frameRate=29.964043fps
[09/02 11:03:18.781172][info][119628][VideoSensor.cpp:180] [CP0F4630001M] RightIR backend frame callback, frameRate=29.964043fps
[09/02 11:03:18.781261][info][119631][SensorBase.cpp:405] [CP0F4630001M] LeftIR Streaming... frameRate=29.964043fps
[09/02 11:03:18.781333][info][119632][SensorBase.cpp:405] [CP0F4630001M] RightIR Streaming... frameRate=29.964043fps
[09/02 11:03:18.781505][info][119624][VideoSensor.cpp:180] [CP0F4630001M] Depth backend frame callback, frameRate=29.970030fps
[09/02 11:03:18.820033][info][119633][SensorBase.cpp:405] [CP0F4630001M] Depth Streaming... frameRate=29.964043fps
[09/02 11:03:19.226748][info][119622][VideoSensor.cpp:180] [CP0F4630001M] Color backend frame callback, frameRate=29.964043fps
[09/02 11:03:19.261390][info][119638][SensorBase.cpp:405] [CP0F4630001M] Color Streaming... frameRate=29.964043fps
[09/02 11:03:19.405485][info][119637][SensorBase.cpp:478] [CP0F4630001M] Accel Streaming... frameRate=199.362045fps
[09/02 11:03:19.445425][info][119637][SensorBase.cpp:478] [CP0F4630001M] Gyro Streaming... frameRate=199.362045fps
[09/02 11:03:23.786871][info][119626][VideoSensor.cpp:180] [CP0F4630001M] LeftIR backend frame callback, frameRate=29.964043fps
[09/02 11:03:23.786988][info][119631][SensorBase.cpp:405] [CP0F4630001M] LeftIR Streaming... frameRate=29.964043fps
[09/02 11:03:23.787020][info][119628][VideoSensor.cpp:180] [CP0F4630001M] RightIR backend frame callback, frameRate=29.964043fps
[09/02 11:03:23.787176][info][119632][SensorBase.cpp:405] [CP0F4630001M] RightIR Streaming... frameRate=29.964043fps
[09/02 11:03:23.787400][info][119624][VideoSensor.cpp:180] [CP0F4630001M] Depth backend frame callback, frameRate=29.964043fps
[09/02 11:03:23.825861][info][119633][SensorBase.cpp:405] [CP0F4630001M] Depth Streaming... frameRate=29.964043fps
[09/02 11:03:24.232629][info][119622][VideoSensor.cpp:180] [CP0F4630001M] Color backend frame callback, frameRate=29.970030fps
[09/02 11:03:24.267226][info][119638][SensorBase.cpp:405] [CP0F4630001M] Color Streaming... frameRate=29.964043fps
[09/02 11:03:24.413885][info][119637][SensorBase.cpp:478] [CP0F4630001M] Accel Streaming... frameRate=199.241379fps
[09/02 11:03:24.453556][info][119637][SensorBase.cpp:478] [CP0F4630001M] Gyro Streaming... frameRate=199.281158fps
[09/02 11:03:28.792775][info][119626][VideoSensor.cpp:180] [CP0F4630001M] LeftIR backend frame callback, frameRate=29.970030fps
[09/02 11:03:28.792850][info][119628][VideoSensor.cpp:180] [CP0F4630001M] RightIR backend frame callback, frameRate=29.970030fps
[09/02 11:03:28.792907][info][119631][SensorBase.cpp:405] [CP0F4630001M] LeftIR Streaming... frameRate=29.970030fps
[09/02 11:03:28.792961][info][119632][SensorBase.cpp:405] [CP0F4630001M] RightIR Streaming... frameRate=29.964043fps
[09/02 11:03:28.793240][info][119624][VideoSensor.cpp:180] [CP0F4630001M] Depth backend frame callback, frameRate=29.964043fps
[09/02 11:03:28.832789][info][119633][SensorBase.cpp:405] [CP0F4630001M] Depth Streaming... frameRate=29.964043fps
[09/02 11:03:29.238336][info][119622][VideoSensor.cpp:180] [CP0F4630001M] Color backend frame callback, frameRate=29.964043fps
[09/02 11:03:29.273119][info][119638][SensorBase.cpp:405] [CP0F4630001M] Color Streaming... frameRate=29.964043fps
[09/02 11:03:29.429715][info][119637][SensorBase.cpp:478] [CP0F4630001M] Accel Streaming... frameRate=199.401794fps
[09/02 11:03:29.469723][info][119637][SensorBase.cpp:478] [CP0F4630001M] Gyro Streaming... frameRate=199.362045fps
[09/02 11:03:33.798492][info][119626][VideoSensor.cpp:180] [CP0F4630001M] LeftIR backend frame callback, frameRate=29.964043fps
[09/02 11:03:33.798570][info][119631][SensorBase.cpp:405] [CP0F4630001M] LeftIR Streaming... frameRate=29.964043fps
[09/02 11:03:33.798614][info][119628][VideoSensor.cpp:180] [CP0F4630001M] RightIR backend frame callback, frameRate=29.964043fps
[09/02 11:03:33.798632][info][119632][SensorBase.cpp:405] [CP0F4630001M] RightIR Streaming... frameRate=29.970030fps
[09/02 11:03:33.798927][info][119624][VideoSensor.cpp:180] [CP0F4630001M] Depth backend frame callback, frameRate=29.970030fps
[09/02 11:03:33.833477][info][119633][SensorBase.cpp:405] [CP0F4630001M] Depth Streaming... frameRate=29.994001fps
[09/02 11:03:34.244191][info][119622][VideoSensor.cpp:180] [CP0F4630001M] Color backend frame callback, frameRate=29.964043fps
[09/02 11:03:34.278801][info][119638][SensorBase.cpp:405] [CP0F4630001M] Color Streaming... frameRate=29.970030fps
[09/02 11:03:34.437887][info][119637][SensorBase.cpp:478] [CP0F4630001M] Accel Streaming... frameRate=199.281158fps
[09/02 11:03:34.477845][info][119637][SensorBase.cpp:478] [CP0F4630001M] Gyro Streaming... frameRate=199.281158fps
[09/02 11:03:38.804665][info][119626][VideoSensor.cpp:180] [CP0F4630001M] LeftIR backend frame callback, frameRate=29.964043fps
[09/02 11:03:38.804739][info][119628][VideoSensor.cpp:180] [CP0F4630001M] RightIR backend frame callback, frameRate=29.964043fps
[09/02 11:03:38.804922][info][119632][SensorBase.cpp:405] [CP0F4630001M] RightIR Streaming... frameRate=29.964043fps
[09/02 11:03:38.805022][info][119631][SensorBase.cpp:405] [CP0F4630001M] LeftIR Streaming... frameRate=29.964043fps
[09/02 11:03:38.805120][info][119624][VideoSensor.cpp:180] [CP0F4630001M] Depth backend frame callback, frameRate=29.964043fps
[09/02 11:03:38.843464][info][119633][SensorBase.cpp:405] [CP0F4630001M] Depth Streaming... frameRate=29.940119fps
[09/02 11:03:39.250121][info][119622][VideoSensor.cpp:180] [CP0F4630001M] Color backend frame callback, frameRate=29.970030fps
[09/02 11:03:39.284754][info][119638][SensorBase.cpp:405] [CP0F4630001M] Color Streaming... frameRate=29.964043fps
[09/02 11:03:39.454146][info][119637][SensorBase.cpp:478] [CP0F4630001M] Accel Streaming... frameRate=199.362045fps
[09/02 11:03:39.494057][info][119637][SensorBase.cpp:478] [CP0F4630001M] Gyro Streaming... frameRate=199.362045fps
[09/02 11:03:43.810385][info][119626][VideoSensor.cpp:180] [CP0F4630001M] LeftIR backend frame callback, frameRate=29.970030fps
[09/02 11:03:43.810488][info][119631][SensorBase.cpp:405] [CP0F4630001M] LeftIR Streaming... frameRate=29.964043fps
[09/02 11:03:43.810543][info][119628][VideoSensor.cpp:180] [CP0F4630001M] RightIR backend frame callback, frameRate=29.964043fps
[09/02 11:03:43.810734][info][119632][SensorBase.cpp:405] [CP0F4630001M] RightIR Streaming... frameRate=29.964043fps
[09/02 11:03:43.810892][info][119624][VideoSensor.cpp:180] [CP0F4630001M] Depth backend frame callback, frameRate=29.964043fps
[09/02 11:03:43.849678][info][119633][SensorBase.cpp:405] [CP0F4630001M] Depth Streaming... frameRate=29.964043fps
[09/02 11:03:44.256085][info][119622][VideoSensor.cpp:180] [CP0F4630001M] Color backend frame callback, frameRate=29.964043fps
[09/02 11:03:44.290433][info][119638][SensorBase.cpp:405] [CP0F4630001M] Color Streaming... frameRate=29.964043fps
[09/02 11:03:44.470342][info][119637][SensorBase.cpp:478] [CP0F4630001M] Accel Streaming... frameRate=199.362045fps
[09/02 11:03:44.502316][info][119637][SensorBase.cpp:478] [CP0F4630001M] Gyro Streaming... frameRate=199.281158fps
[09/02 11:03:48.816375][info][119626][VideoSensor.cpp:180] [CP0F4630001M] LeftIR backend frame callback, frameRate=29.964043fps
[09/02 11:03:48.816469][info][119628][VideoSensor.cpp:180] [CP0F4630001M] RightIR backend frame callback, frameRate=29.970030fps
[09/02 11:03:48.816593][info][119631][SensorBase.cpp:405] [CP0F4630001M] LeftIR Streaming... frameRate=29.964043fps
[09/02 11:03:48.816682][info][119632][SensorBase.cpp:405] [CP0F4630001M] RightIR Streaming... frameRate=29.964043fps
[09/02 11:03:48.816804][info][119624][VideoSensor.cpp:180] [CP0F4630001M] Depth backend frame callback, frameRate=29.964043fps
[09/02 11:03:48.855208][info][119633][SensorBase.cpp:405] [CP0F4630001M] Depth Streaming... frameRate=29.970030fps
[09/02 11:03:49.261898][info][119622][VideoSensor.cpp:180] [CP0F4630001M] Color backend frame callback, frameRate=29.964043fps
[09/02 11:03:49.296885][info][119638][SensorBase.cpp:405] [CP0F4630001M] Color Streaming... frameRate=29.964043fps
[09/02 11:03:49.478372][info][119637][SensorBase.cpp:478] [CP0F4630001M] Accel Streaming... frameRate=199.281158fps
[09/02 11:03:49.518353][info][119637][SensorBase.cpp:478] [CP0F4630001M] Gyro Streaming... frameRate=199.362045fps
[09/02 11:03:53.822241][info][119626][VideoSensor.cpp:180] [CP0F4630001M] LeftIR backend frame callback, frameRate=29.964043fps
[09/02 11:03:53.822326][info][119628][VideoSensor.cpp:180] [CP0F4630001M] RightIR backend frame callback, frameRate=29.964043fps
[09/02 11:03:53.822353][info][119631][SensorBase.cpp:405] [CP0F4630001M] LeftIR Streaming... frameRate=29.970030fps
[09/02 11:03:53.822403][info][119632][SensorBase.cpp:405] [CP0F4630001M] RightIR Streaming... frameRate=29.970030fps
[09/02 11:03:53.822648][info][119624][VideoSensor.cpp:180] [CP0F4630001M] Depth backend frame callback, frameRate=29.970030fps
[09/02 11:03:53.861171][info][119633][SensorBase.cpp:405] [CP0F4630001M] Depth Streaming... frameRate=29.964043fps
[09/02 11:03:54.267853][info][119622][VideoSensor.cpp:180] [CP0F4630001M] Color backend frame callback, frameRate=29.964043fps
[09/02 11:03:54.302299][info][119638][SensorBase.cpp:405] [CP0F4630001M] Color Streaming... frameRate=29.970030fps
[09/02 11:03:54.494532][info][119637][SensorBase.cpp:478] [CP0F4630001M] Accel Streaming... frameRate=199.362045fps
[09/02 11:03:54.534542][info][119637][SensorBase.cpp:478] [CP0F4630001M] Gyro Streaming... frameRate=199.362045fps
[09/02 11:03:58.828060][info][119628][VideoSensor.cpp:180] [CP0F4630001M] RightIR backend frame callback, frameRate=29.964043fps
[09/02 11:03:58.828183][info][119632][SensorBase.cpp:405] [CP0F4630001M] RightIR Streaming... frameRate=29.964043fps
[09/02 11:03:58.828211][info][119626][VideoSensor.cpp:180] [CP0F4630001M] LeftIR backend frame callback, frameRate=29.964043fps
[09/02 11:03:58.828295][info][119631][SensorBase.cpp:405] [CP0F4630001M] LeftIR Streaming... frameRate=29.964043fps
[09/02 11:03:58.828599][info][119624][VideoSensor.cpp:180] [CP0F4630001M] Depth backend frame callback, frameRate=29.964043fps
[09/02 11:03:58.866999][info][119633][SensorBase.cpp:405] [CP0F4630001M] Depth Streaming... frameRate=29.964043fps
[09/02 11:03:59.273725][info][119622][VideoSensor.cpp:180] [CP0F4630001M] Color backend frame callback, frameRate=29.970030fps
[09/02 11:03:59.308300][info][119638][SensorBase.cpp:405] [CP0F4630001M] Color Streaming... frameRate=29.964043fps
[09/02 11:03:59.502838][info][119637][SensorBase.cpp:478] [CP0F4630001M] Accel Streaming... frameRate=199.281158fps
[09/02 11:03:59.542854][info][119637][SensorBase.cpp:478] [CP0F4630001M] Gyro Streaming... frameRate=199.281158fps
[09/02 11:04:03.833948][info][119626][VideoSensor.cpp:180] [CP0F4630001M] LeftIR backend frame callback, frameRate=29.970030fps
[09/02 11:04:03.834035][info][119628][VideoSensor.cpp:180] [CP0F4630001M] RightIR backend frame callback, frameRate=29.970030fps
[09/02 11:04:03.834044][info][119631][SensorBase.cpp:405] [CP0F4630001M] LeftIR Streaming... frameRate=29.970030fps
[09/02 11:04:03.834144][info][119632][SensorBase.cpp:405] [CP0F4630001M] RightIR Streaming... frameRate=29.964043fps
[09/02 11:04:03.834412][info][119624][VideoSensor.cpp:180] [CP0F4630001M] Depth backend frame callback, frameRate=29.964043fps
[09/02 11:04:03.872981][info][119633][SensorBase.cpp:405] [CP0F4630001M] Depth Streaming... frameRate=29.970030fps
[09/02 11:04:04.279495][info][119622][VideoSensor.cpp:180] [CP0F4630001M] Color backend frame callback, frameRate=29.964043fps
[09/02 11:04:04.314127][info][119638][SensorBase.cpp:405] [CP0F4630001M] Color Streaming... frameRate=29.964043fps
[09/02 11:04:04.519080][info][119637][SensorBase.cpp:478] [CP0F4630001M] Accel Streaming... frameRate=199.362045fps
[09/02 11:04:04.543119][info][119637][SensorBase.cpp:478] [CP0F4630001M] Gyro Streaming... frameRate=199.760056fps
[09/02 11:04:08.839829][info][119628][VideoSensor.cpp:180] [CP0F4630001M] RightIR backend frame callback, frameRate=29.964043fps
[09/02 11:04:08.839927][info][119632][SensorBase.cpp:405] [CP0F4630001M] RightIR Streaming... frameRate=29.970030fps
[09/02 11:04:08.840006][info][119626][VideoSensor.cpp:180] [CP0F4630001M] LeftIR backend frame callback, frameRate=29.964043fps
[09/02 11:04:08.840084][info][119631][SensorBase.cpp:405] [CP0F4630001M] LeftIR Streaming... frameRate=29.964043fps
[09/02 11:04:08.840362][info][119624][VideoSensor.cpp:180] [CP0F4630001M] Depth backend frame callback, frameRate=29.964043fps
[09/02 11:04:08.878713][info][119633][SensorBase.cpp:405] [CP0F4630001M] Depth Streaming... frameRate=29.964043fps
[09/02 11:04:09.285376][info][119622][VideoSensor.cpp:180] [CP0F4630001M] Color backend frame callback, frameRate=29.964043fps
[09/02 11:04:09.320041][info][119638][SensorBase.cpp:405] [CP0F4630001M] Color Streaming... frameRate=29.970030fps
[09/02 11:04:09.527225][info][119637][SensorBase.cpp:478] [CP0F4630001M] Accel Streaming... frameRate=199.281158fps
[09/02 11:04:09.551238][info][119637][SensorBase.cpp:478] [CP0F4630001M] Gyro Streaming... frameRate=199.121231fps
